"Marca temporal","Degree","ACIERTOS","Grade","Perception","V1_0_10","V2_0_10","V3_0_10","V4_10_10","V5_0_10","V6_0_10","V7_0_10","VALORA1","VALORA2","VALORA3","VALORA4","VALORA5","VALORA6","VALORA7","Visualization","P1","R_P1","P2","R_P2","P3","R_P3","P4","R_P4","P5","R_P5","P6","R_P6","P7","R_P7","P8","R_P8","P9","R_P9","P10","R_P10","P11","R_P11","P12","R_P12","P13","R_P13","P14","R_P14","P15","APRENDIZAJE1","APRENDIZAJE2"
3/8/2023 11:49:02,"TE",4,3.08,4.64,5.00,5.00,5.00,5.00,2.50,5.00,5.00,3,3,3,3,2,3,3,"Slides","A","Fallo","B","Acierto","D","Acierto","D","Fallo","C","Fallo","D","Fallo","B","Fallo","B",,"B","Fallo","C","Fallo","C","Fallo","B","Acierto","C","Fallo","B","Acierto","Envia el paquete
",,"si podria ser mejor"
3/8/2023 11:53:27,"TE",9,6.92,4.29,5.00,2.50,2.50,2.50,5.00,5.00,7.50,3,2,2,2,3,3,4,"3DAnimation","C","Acierto","B","Acierto","D","Acierto","C","Fallo","D","Acierto","C","Acierto","C","Fallo","B",,"D","Fallo","D","Acierto","C","Fallo","B","Acierto","D","Acierto","B","Acierto","r1 recibe la trama Ethernet y pregunta a través de ARP la direccion de destino de la trama, las otras máquinas procesan la respuesta y cuando la tiene r1 reenvía el mensaje.",,"Me habría sido indiferente ya que al final el procesamiento de lo que estoy viendo depende exclusivamente de lo que no entiendo, no lo que veo y/o como lo veo. Entonces aunque me habría gustado poder probarlas, no creo que habría mejorado mi rendimiento."
3/8/2023 11:53:32,"TE",8,6.15,6.07,7.50,5.00,2.50,5.00,7.50,7.50,7.50,4,3,2,3,4,4,4,"3DAnimation","C","Acierto","B","Acierto","D","Acierto","A","Acierto","A","Fallo","C","Acierto","B","Fallo","B",,"C","Acierto","A","Fallo","D","Fallo","A","Fallo","D","Acierto","B","Acierto","r1 lee el mensaje, lo procesa y ve que ruta y que camino es más rápido y eficiente para hacer llegar el mensaje a pc4, envía el mensaje a r2 y a r3 para que puedan enviar el mensaje al otro hub y enviarselo a pc4 ","Ha sido útil ver la animación ya que es de mucha ayuda ver las animaciones y el orden en el que la máquina envia los mensajes y las capas del mensaje, el interesante verlo así más que escrito y con dibujos",
3/8/2023 11:53:43,"TE",8,6.15,7.50,7.50,5.00,7.50,10.00,7.50,7.50,7.50,4,3,4,5,4,4,4,"VR","C","Acierto","B","Acierto","C","Fallo","D","Fallo","D","Acierto","D","Fallo","A","Fallo","A",,"C","Acierto","B","Fallo","B","Acierto","B","Acierto","D","Acierto","B","Acierto","De primeras se escribe en su cahce ARP de r1 la direccion de pc1, luego lo encapsula en IP y despues en ethernet para enviarlo por la red eth1 buscando a r3","En parte es bastante mas inmersivo que verlo en papel o por un video por lo que me ha aydado a terminar de captar ciertos conceptos que no tenia del todo claro",
3/8/2023 11:54:06,"TE",5,3.85,6.43,5.00,5.00,10.00,10.00,0.00,10.00,5.00,3,3,5,5,,5,3,"3DAnimation","C","Acierto","B","Acierto","C","Fallo","B","Fallo","C","Fallo","D","Fallo","C","Fallo","D",,"C","Acierto","B","Fallo","B","Acierto","B","Acierto","A","Fallo","A","Fallo","Cuando a r1 le llega la trama, pregunta a r2 donde esta la direccion destino de este paquete porque tiene en su tabla que para acceder a una maquina de sa red tiene que pasar por r3, este pregunta por esa direccion y pc4 le responde, r3 le envia esa respuesta a r1","Si me ha ayudado a ver en que orden se envía cada una de las partes del paquete, si se envían a todas las maquina de la red o solo a la destinataria, y quienes lo procesan o no",
3/8/2023 11:54:09,"TE",3,2.31,3.21,5.00,5.00,2.50,2.50,5.00,0.00,2.50,3,3,2,2,3,1,2,"3DAnimation","A","Fallo","C","Fallo","C","Fallo","B","Fallo","C","Fallo","D","Fallo","B","Fallo","A",,"D","Fallo","D","Acierto","C","Fallo","D","Fallo","D","Acierto","B","Acierto","r1 procesa la orden que le transmiten, que es la de usar una ruta eficiente a pc4 con lo que tendrá que reenviar dicha información, que lo hará a través de eth1 , el datagrama IP, a r2 y r3( que también procesan el mensaje) para que llegue a la dirección destino que en este caso es la de pc4.","Sí, porque te indican toda la información necesaria para poder saber los datos de todas las máquinas. Además, te indican el orden de todo el camino que lleva.",
3/8/2023 11:54:30,"TE",8,6.15,5.71,7.50,7.50,5.00,5.00,5.00,2.50,7.50,4,4,3,3,3,2,4,"3DAnimation","C","Acierto","B","Acierto","A","Fallo","B","Fallo","D","Acierto","D","Fallo","D","Acierto","D",,"B","Fallo","C","Fallo","B","Acierto","B","Acierto","D","Acierto","B","Acierto",,"No mucho",
3/8/2023 11:54:31,"TE",3,2.31,5.36,5.00,5.00,2.50,2.50,7.50,7.50,7.50,3,3,2,2,4,4,4,"3DAnimation","B","Fallo","D","Fallo","C","Fallo","B","Fallo","D","Acierto","D","Fallo","D","Acierto","B",,"C","Acierto","C","Fallo","A","Fallo","C","Fallo","C","Fallo","A","Fallo",,"Si, ya que al ver la animación directamente, se aprecian mucho mejor las cosas.",
3/8/2023 11:55:52,"TE",5,3.85,3.57,2.50,5.00,2.50,2.50,5.00,2.50,5.00,2,3,2,2,3,2,3,"3DAnimation","B","Fallo","B","Acierto","A","Fallo",,"Fallo",,"Fallo","A","Fallo","D","Acierto",,,"D","Fallo","D","Acierto",,"Fallo","B","Acierto","D","Acierto","A","Fallo",,,"En mi opinión sí, ya que te metes dentro de la animación y puedes ver toda la información de manera más clara"
3/8/2023 11:56:23,"TE",6,4.62,5.71,2.50,2.50,7.50,5.00,10.00,10.00,2.50,2,2,4,3,5,5,2,"VR","C","Acierto","B","Acierto","D","Acierto","C","Fallo","C","Fallo","C","Acierto","A","Fallo","B",,"D","Fallo","A","Fallo","B","Acierto","B","Acierto","A","Fallo","A","Fallo","Le llega la información de la trama Ethernet que contiene el datagrama IP y procesa la información del procotolo Ethernet y del IP, busca en la memoria/cache donde se encuentra el pc4 para poder enviar la información bien, si en la memoria no tiene localizado el pc4, lo manda a todos sus vecinos (direcciones IP, con la misma direccion IP destino), una vez que ya sabe por donde enviar la trama lo hace y se guarda los datos que no conocia y que ahora conoce (solicitudes)","Si me ha ayudado a entender de una manera mas visual lo que pasa cada vez que se envia una trama y todos los datos que se van transportando o que descubre y que los pasa al siguiente nivel con él para poder guardarselos en el cache y que le sea mas facil poder tener todo ubicado. Ademas te ayuda a saber el orden en el que se van transportando las cosas.",
3/8/2023 11:56:33,"TE",5,3.85,8.57,10.00,2.50,10.00,10.00,10.00,7.50,10.00,5,2,5,5,5,4,5,"3DAnimation","B","Fallo","B","Acierto","D","Acierto","B","Fallo","D","Acierto","A","Fallo","B","Fallo","B",,"B","Fallo","A","Fallo","B","Acierto","B","Acierto","A","Fallo","A","Fallo","Recibe el datagrama IP, junto un ARP de solicitud y de request mutuo entre pc1 y r1. SI las rutas de encaminamiento estan correctas mandarian un ARP request para preguntar por dicha direccion y recibiria respuesta. reenviando dicho paquete 
SI hiciesemos una captura por ejemplo en el propio r1 podremos ver que recibe en total 6 paquete 4 de ellos de ARP tanto de request como de reply y 2 de ICMP ","Es mas dinamico enseñar de esta manera ya que se ve mas dinamico y mas sencillo de comprender. Me ha parecido confuso que no aparecian las nuevas rutas de encaminamiento. Es mas sencillo controlarlo con el ordenador que con las gafas a mi parecer no te mareas tanto.",
3/8/2023 11:56:38,"TE",5,3.85,2.14,2.50,2.50,0.00,2.50,5.00,2.50,0.00,2,2,1,2,3,2,1,"3DAnimation","A","Fallo","C","Fallo","D","Acierto","B","Fallo","B","Fallo","C","Acierto","B","Fallo","C",,"B","Fallo","C","Fallo","A","Fallo","B","Acierto","D","Acierto","B","Acierto","R1 se encarga de enviar dicha información a pc1, pc2, pc3 y pc4.","Sí, ya que es una manera que te permite visualizarlo mejor. Ves como se va enviando la información de manera más clara.
",
3/8/2023 11:56:43,"TE",10,7.69,6.43,7.50,7.50,7.50,5.00,7.50,5.00,5.00,4,4,4,3,4,3,3,"VR","C","Acierto","B","Acierto","D","Acierto","B","Fallo","D","Acierto","C","Acierto","D","Acierto","A",,"A","Fallo","B","Fallo","B","Acierto","B","Acierto","D","Acierto","B","Acierto","r1 recibe por eth0 la trama Ethernet dirigida hacia pc4
r1 envia la trama a la direccion Ethernet de la IP 101.0.0.3 (eth0, y le llega a r3)
r3 envia la trama hacia eth1 y por estar conectado a un hub, le llega a pc4
pc4 responde a traves del gateway 102.0.0.2 (porque el destino de la trama de respuesta es 100.0.0.0 /24)
la trama de pc4 le llega a r2, y este lo envia a traves del gateway 101.0.0.1 (lo envia por la entrada por defecto)
la trama le llega a r1, y como el destino es 100.0.0.0 con mask /24, lo envia a traves de eth0, y por estar conectado a un hub, le llega a pc1 la respuesta","SI, considero que me ha ayudado. Porque tenía la posibilidad de parar la animacion y de ver los cambios en las cabeceras y los cachees de ARP",
3/8/2023 11:57:04,"TE",5,3.85,2.14,2.50,2.50,0.00,0.00,5.00,5.00,0.00,2,2,1,1,3,3,1,"3DAnimation","C","Acierto","B","Acierto","B","Fallo",,"Fallo","D","Acierto","C","Acierto","C","Fallo","B",,"B","Fallo","B","Fallo",,"Fallo",,"Fallo","A","Fallo","B","Acierto",,"Me ha ayudado, pero no entendía muchas cosas por mi falta de conocimiento. Creo que es muy útil si ya conoces ciertas cosas.",
3/8/2023 11:57:13,"TE",4,3.08,1.43,2.50,0.00,2.50,0.00,2.50,0.00,2.50,2,1,2,1,2,1,2,"3DAnimation","A","Fallo","C","Fallo","B","Fallo","D","Fallo","D","Acierto","C","Acierto","A","Fallo","A",,"B","Fallo","D","Acierto","A","Fallo","A","Fallo","D","Acierto","A","Fallo","R1 una vez recibe la información la reenvía por eth1 hacia R2 para que así pueda recibirlo pc4 que es el destinatario ","A medias, te ayuda a visualizarlo mejor pero mis conocimientos son escasos.",
3/8/2023 11:58:24,"TE",4,3.08,0.71,0.00,0.00,0.00,0.00,2.50,0.00,2.50,1,1,1,1,2,1,2,"3DAnimation","A","Fallo","D","Fallo","B","Fallo","C","Fallo","C","Fallo","C","Acierto","D","Acierto","C",,"B","Fallo","D","Acierto","A","Fallo","A","Fallo","D","Acierto","A","Fallo","Vuelve a reenviar a PC1 Y PC2, a continuación PC1 lo procesa y vuelve a enviar el paquete a R1, que lo envía a PC3 R2 y R3, siendo otra vez enviado a R1, el cuál al final R2 lo envía a PC4.","Está bien , mejor.",
3/8/2023 11:59:35,"TE",6,4.62,4.29,5.00,5.00,5.00,2.50,5.00,2.50,5.00,3,3,3,2,3,2,3,"3DAnimation","B","Fallo","B","Acierto","A","Fallo","B","Fallo","D","Acierto","C","Acierto","B","Fallo","A",,"D","Fallo","C","Fallo","B","Acierto","D","Fallo","D","Acierto","B","Acierto","R1 recibe el mensaje request y lo vuelve a enviar a pc1 dónde se aprende la direccion de r1 y viceversa , pc1 envia el mensaje reply a r1. R1 envia el mensaje request a r2 y r3 q se encargaran de llevarlo a pc4 , cuando le quegue el mensaje request d vuelta mandaraa el reply por r2 y r3 . Despues le llegara el reply de de pc4 y lo enviara a pc1.","Si, ayuda a ver visualmente el camino que recorren los mensjaes y que no sea tan abstracto","SI , las gafas ayudan a mejorar la vision."
3/8/2023 11:59:38,"TE",6,4.62,7.50,5.00,7.50,5.00,7.50,10.00,7.50,10.00,3,4,3,4,5,4,5,"3DAnimation","D","Fallo","B","Acierto","B","Fallo","B","Fallo","D","Acierto","C","Acierto","C","Fallo","B",,"A","Fallo","B","Fallo","B","Acierto","D","Fallo","D","Acierto","B","Acierto","En primer lugar, r1 recibe por eth0 la trama Ethernet que contiene el datagrama IP dirigido a PC4. Comprueba su campo CRC para ver que no contenga ningún error en su trama. Guarda en su tabla de encaminaciento la dirección de dónde se encuentra PC1 y pregunta por su interfaz eth1 por la ubicación de pc4; la cual también guarda en su tabla de encaminamiento. Por último, lo envía al hub de su interfaz eth1.","Sí, ya que puedes visualizar en tu mente cómo es todo el proceso. Con palabras es más costoso de imaginar.",
3/8/2023 12:00:01,"TE",7,5.38,5.71,7.50,2.50,7.50,0.00,7.50,7.50,7.50,4,2,4,1,4,4,4,"VR","A","Fallo","B","Acierto","A","Fallo","C","Fallo","C","Fallo","C","Acierto","A","Fallo","B",,"D","Fallo","D","Acierto","B","Acierto","B","Acierto","D","Acierto","B","Acierto","r1 recibe de pc1 la trama ordenada para ser enviada a pc4, ésta pasa a través del hub1. Una vez realizado este proceso, r1 aprende la nueva dirección del próximo r3 para poder enviar la trama.","No encuentro nada confuso, todo me parece correcto.",
3/8/2023 12:00:35,"TE",8,6.15,5.00,5.00,2.50,5.00,5.00,7.50,5.00,5.00,3,2,3,3,4,3,3,"VR","C","Acierto","B","Acierto","B","Fallo","D","Fallo","D","Acierto","C","Acierto","C","Fallo","D",,"C","Acierto","C","Fallo","A","Fallo","B","Acierto","D","Acierto","B","Acierto","r1 envía la trama, que pasa por el hub y se lo envía a pc3, y pasando por r2 y r3, pasan por el hub y se lo mandan a pc4 que lo recxibe el mensaje, lo manda de vuelta, y lo mismo hasta que va a r1 y se lo devuelve a pc1","Un poco, pero no tanto ya que es dificil con tantos mensajes entenderlo completamente",
3/8/2023 12:00:40,"TE",7,5.38,3.93,2.50,2.50,7.50,5.00,2.50,5.00,2.50,2,2,4,3,2,3,2,"Slides","B","Fallo","B","Acierto","D","Acierto",,"Fallo","D","Acierto","A","Fallo","C","Fallo","A",,"C","Acierto","D","Acierto","C","Fallo","B","Acierto","D","Acierto","A","Fallo","r1 se aprende la dirección de pc1 y le responde, luego se lo envía a su interfaz eth1. Antes de enviar la trama, r1 envia un arp para buscar la dirección a la que tiene que recibir la trama, y una vez la confirma, se la envía",,"Creo que en clase se ha explicado bastante bien el proceso estudiado, pero puede que la animación refuerce lo explicado al ser más visual, y ayude a entender los pasos más complejos."
3/8/2023 12:00:47,"TE",5,3.85,6.07,10.00,7.50,5.00,2.50,7.50,7.50,2.50,5,4,3,2,4,4,2,"Slides","C","Acierto","B","Acierto","D","Acierto","B","Fallo","D","Acierto",,"Fallo","B","Fallo","A",,"A","Fallo","A","Fallo","A","Fallo","D","Fallo","A","Fallo","B","Acierto",,,"Sí, me hubiese ayudado más a responder las preguntas, ya que, al ser un método visual, siempre es más fácil captar los conceptos que simplemente leyendo. Aunque, creo que es conveniente hacer un estudio previo, leyendo y estudiando las diapositivas y ya, posteriormente, estudiarlo de una manera más visual (animación 3D)"
3/8/2023 12:01:18,"TE",5,3.85,4.29,5.00,5.00,2.50,2.50,2.50,5.00,7.50,3,3,2,2,2,3,4,"3DAnimation","A","Fallo","B","Acierto","D","Acierto","A","Acierto","C","Fallo","C","Acierto","B","Fallo","A",,"A","Fallo","B","Fallo","D","Fallo","A","Fallo","A","Fallo","B","Acierto",,"Me ha servido para ver como funcionan los ordenadores de forma directa",
3/8/2023 12:02:58,"TE",11,8.46,7.14,7.50,7.50,7.50,7.50,5.00,7.50,7.50,4,4,4,4,3,4,4,"3DAnimation","C","Acierto","B","Acierto","D","Acierto","A","Acierto","D","Acierto","B","Fallo","D","Acierto","A",,"C","Acierto","B","Fallo","B","Acierto","B","Acierto","D","Acierto","B","Acierto","Cuando r1 recibe la trama dirigida hacía pc4, este preguntara con un mensaje ARP a r3, ya que en su tabla de encaminamiento la dirección hacía pc4 debe pasar por r3. Entonces r3 reenvía a pc4 el mensaje ARP a pc4, para saber cual es su dirección ethernet. Pc4 recibirá la trama de pc1. Para devolverla Pc4 la reenviara a través de r2 y este se lo enviará a r1, una vez llegada como r1 ya sabe la dirección de pc1 este recibirá la respuesta.","Creo que es mejor a través de las transparencias por que creo que se ve con más detalle lo que hace cada máquina que en la animaciones. ",
3/8/2023 12:04:29,"TE",9,6.92,7.14,7.50,5.00,7.50,7.50,7.50,5.00,10.00,4,3,4,4,4,3,5,"3DAnimation","C","Acierto","B","Acierto","A","Fallo","B","Fallo","D","Acierto","C","Acierto","B","Fallo","B",,"C","Acierto","D","Acierto","B","Acierto","C","Fallo","D","Acierto","B","Acierto","Una vez recibida la trama Ethernet, envia una respuesta al pc1 para que sepa que la direccion que esta buscando esta en una de sus interfaces. Por lo tanto cuando el pc1 ya sabe que la direccion que busca esta ahi le envia el paquete entero que quiere enviar. Despues el r1 procesara el mensaje y como no tienen registrado en el ARP cache. Entonces dejare el mensaje en el r1 y enviara una dirección ARP para buscar la direccion que esta buscando, despues de esto recibe un reply ARP y al recibirlo se guarda la dirección en el cache ARP despues enviara el paquete y cuando ya lo recibe el pc4. Va a recibir el paquete de respuesta al pc1. ","Sí, porque se ve mas claro como se envian los paquetes ","Ayuda mas a verlo"
3/8/2023 12:05:39,"TE",12,9.23,8.93,7.50,10.00,7.50,7.50,10.00,10.00,10.00,4,5,4,4,5,5,5,"VR","C","Acierto","B","Acierto","D","Acierto","A","Acierto","D","Acierto","C","Acierto","D","Acierto","B",,"C","Acierto","B","Fallo","B","Acierto","B","Acierto","D","Acierto","B","Acierto","1º r1 recibe un mensaje APR preguntando por su dirección ethernet y con origen pc1, por lo tanto este envia luego un mensaje ARP de respuesta
2º r1 recibe el ICMP request de pc1 para la dirección ip de pc4, mira su routing table y lo dirije al gateway 101.0.0.3, que es la dirección ip de r3, pero antes debe preguntar la direccion ethernet de r3, enviando y recibiendo mensajes ARP. Entonces es cuando envía el ICMP request.","Personalmente lo entendí mejor detenidamente con las transparencias que con la animación 3D. El único probolema que tiene vuestra animación es la falta de un botón que ejecute solo una parte de la animación y de otro que vuelva una vez hacia atrás. Personalmente prefiero las transparencias que son muy entendibles, y no veo la necesidad de animar cada paso, porque ya se entiende que los ordenadores envían mensajes.",
3/8/2023 12:05:47,"TE",7,5.38,5.00,5.00,7.50,2.50,2.50,7.50,5.00,5.00,3,4,2,2,4,3,3,"Slides","C","Acierto","B","Acierto","D","Acierto","A","Acierto","C","Fallo","B","Fallo","D","Acierto","A",,"D","Fallo","D","Acierto","B","Acierto","A","Fallo",,"Fallo","A","Fallo",,,"No he pobrado con las gafas en 3D, pero posiblemente me ayudaría más a quedarme con los diferentes conocimientos a la hora de verlo en 3D como si lo tuviese delante."
3/8/2023 12:07:06,"TE",4,3.08,0.36,0.00,0.00,2.50,0.00,0.00,0.00,0.00,1,1,2,1,1,1,1,"Slides","A","Fallo","B","Acierto","D","Acierto","D","Fallo","C","Fallo","A","Fallo","B","Fallo","A",,,"Fallo","D","Acierto","A","Fallo","B","Acierto","A","Fallo","A","Fallo","r1 recibe la señal de pc1 y lo envia hacia r2 para llegar a pc4",,"si, considero que podria haberme enterado mejor de los conceptos si hubiese usado las animaciones con las gafas 3d"
3/8/2023 12:10:07,"TE",7,5.38,6.79,7.50,7.50,5.00,5.00,7.50,7.50,7.50,4,4,3,3,4,4,4,"3DAnimation","C","Acierto","B","Acierto","C","Fallo","B","Fallo","C","Fallo","C","Acierto","D","Acierto","B",,"C","Acierto","B","Fallo","B","Acierto","C","Fallo","A","Fallo","B","Acierto","cuando r1 recibe la trama procedente de pc1, el r1 manda una solicitud ARP preguntando por la dirección de pc4, cuando este recibe la respuesta decide mandarlo por su interfaz eth1 hacia el r3 que este lo envía a pc4","te ayuda más porque no es tanto texto y no aparece tanto texto",
3/8/2023 12:11:22,"TE",10,7.69,7.14,5.00,7.50,5.00,7.50,10.00,7.50,7.50,3,4,3,4,5,4,4,"VR","C","Acierto","B","Acierto","D","Acierto","B","Fallo","D","Acierto","B","Fallo","C","Fallo","A",,"C","Acierto","D","Acierto","B","Acierto","B","Acierto","D","Acierto","B","Acierto","Lo que ocurre es que r1 lo va enviar por r3, así se deja guardado el mensaje IP y genera una solicitud ARP para preguntar por la dirección Ethernet de r3. Cuando reciba la respuesta del ARP con la dirección Ethernet de r3, entonces rellenará el campo que le falta en el protocolo de Ethernet del mensaje ICMP dirigido a pc4y lo enviará hacia r3 de nuevo para que r3 lo encamine.","La animación 3D considero que es muy visual y que se entiende de manera muy clara como funcionan los mensajes y el contenido que tienen dentro, creo que ayuda bastante para comprender mejor los conceptos y asentarlos correctamente.",
3/8/2023 12:11:47,"TE",7,5.38,6.79,7.50,7.50,5.00,2.50,5.00,10.00,10.00,4,4,3,2,3,5,5,"3DAnimation","C","Acierto","B","Acierto","C","Fallo","A","Acierto","D","Acierto","D","Fallo","C","Fallo","A",,"D","Fallo","B","Fallo","B","Acierto","B","Acierto","D","Acierto","A","Fallo","R1 no conoce la dirección ethernet de pc1 por lo que enviará un arp de respuesta para obtener la direccíon ethernet pc, una vez su dirección ethernet esté en su cache de arp para cuando obtenga respuesta de pc1 y procese que esta en su tabla de encaminamiento finalmente r1 reenvía dicha trama através de su puerto eth1","No mucho, es un poco lioso y no se entiende del todo como funciona todo el proceso claramente",
3/8/2023 12:11:49,"TE",11,8.46,3.93,2.50,2.50,2.50,2.50,7.50,7.50,2.50,2,2,2,2,4,4,2,"VR","C","Acierto","B","Acierto","D","Acierto","A","Acierto","D","Acierto","B","Fallo","D","Acierto","A",,"C","Acierto","D","Acierto","B","Acierto","B","Acierto","A","Fallo","B","Acierto","Guarda la dirección, la aparta y envía una solicitud de ARP por la interfaz eth1 preguntando por la dirección correspondiente a la dirección destino (101.0.0.3). Recibe respuesta de la solicitud y  lo reenvía","Si porque ves el recorrido y como cambian los distintos campos. Resultan de ayuda solo que marea un poco.",
3/8/2023 12:12:01,"TE",11,8.46,4.29,2.50,2.50,7.50,2.50,7.50,7.50,0.00,2,2,4,2,4,4,1,"VR","C","Acierto","B","Acierto","D","Acierto","A","Acierto","D","Acierto","B","Fallo","B","Fallo","A",,"C","Acierto","D","Acierto","B","Acierto","B","Acierto","D","Acierto","B","Acierto","R1 baja una unidad el TTL. Como ya tiene guardada en la tabla d encaminamiento que los mensajes con IP destino 102.0.0.0, o en nuestro caso 102.0.0.40 los tiene que enviar hacia la Ethernet destino 101.0.0.3, eso hace. ","Es bastante intuitivo, se puede ver bien el orden en el cuál las máquinas montan las cabeceras y ayuda mucho.",
3/8/2023 12:13:26,"TE",6,4.62,6.43,7.50,5.00,7.50,5.00,5.00,7.50,7.50,4,3,4,3,3,4,4,"VR","C","Acierto","B","Acierto","C","Fallo","B","Fallo","C","Fallo","B","Fallo","D","Acierto","A",,"D","Fallo","D","Acierto","C","Fallo","A","Fallo","D","Acierto","B","Acierto","El router recibe la trama Ethernet proveniente de eth0, al recibirla envía una solicitud de ARP al router 3, este al recibirla envía una respuesta a esa solicitud y el router 1 envía la trama por el router 3. Este router lo envía al hub contiguo y el hub lo envía a pc4. Después de esto el pc4 emite una repuesta y envía una solicitud ARP al router 3. Este la recibe y envía una respuesta a pc4. Tras esto, el pc4 envía la trama a través del router 3 y este envía la trama y llega al router 1.","Si, al poder ver la animación y parar en todo momento el envío del mensaje he podido enterarme más de lo que ocurría en ese escenario.",
3/8/2023 12:15:48,"TE",8,6.15,6.07,7.50,7.50,5.00,0.00,7.50,7.50,7.50,4,4,3,1,4,4,4,"Slides","C","Acierto","B","Acierto","D","Acierto","C","Fallo","C","Fallo","C","Acierto","B","Fallo","B",,"B","Fallo","B","Fallo","B","Acierto","B","Acierto","D","Acierto","B","Acierto","Primero apuntará la dirección del pc1 en su memoria (caché ARP), a continuación, enviará un mensaje por eth1 preguntando por la dirección del pc4.",,"No, ya que la animación 3D me personalmente no me ayuda."
3/8/2023 12:16:13,"TE",9,6.92,8.57,10.00,7.50,7.50,10.00,10.00,7.50,7.50,5,4,4,5,5,4,4,"Slides","C","Acierto","B","Acierto","D","Acierto","B","Fallo","C","Fallo","C","Acierto","B","Fallo","A",,"C","Acierto","D","Acierto","B","Acierto","A","Fallo","D","Acierto","B","Acierto","Al recibir la trama Ethernet procedente de pc1, r1 operaría el CRC y si no detecta errores vería si la dirección Ethernet es la suya. Siendo el caso, descarta las cabeceras Ethernet y resta 1 al TTL. Después comprueba si la dirección IP destino es la suya. Como no, al ser un router, compara la dirección IP destino con los datos de su tabla de encaminamiento. No encuentra una conexión directa a pc4, pero sí a su red, por lo que prepara nuevas cabeceras Ethernet para mandarle el mensaje a r3 por eth1. Al desconocer la dirección Ethernet del puerto eth0 de r3, r1 se guarda la trama incompleta y manda una solicitud de ARP con una dirección Ethernet destino de broadcast, y espera la respuesta. Una vez recibida la respuesta del puerto eth0 de r3, r1 ya completa las cabeceras Ethernet del paquete y lo manda por su interfaz eth1.",,"No creo que haya podido responder mejor, pero creo que las animaciones 3D ayudan a mantener la atención y ver el funcionamiento de la red en movimiento. La experiencia de prueba con las gafas VR fue muy satisfactoria. Me hace sentir inmerso en la materia .
Eso sí...La Realidad Virtual puede ser un poco molesta para los ojos si se usa en intervalos prolongados de tiempo, y debería usarse en entornos calmados y espaciosos ya que acapara todo el campo visual de la persona."
3/8/2023 12:16:55,"TE",12,9.23,10.00,10.00,10.00,10.00,10.00,10.00,10.00,10.00,5,5,5,5,5,5,5,"VR","C","Acierto","B","Acierto","D","Acierto","B","Fallo","D","Acierto","C","Acierto","D","Acierto","A",,"C","Acierto","D","Acierto","B","Acierto","B","Acierto","D","Acierto","B","Acierto","Primero, r1 procesa la trama ethernet por ser su destinatario, mira el protocolo encapsulado en la trama y, al ser IPv4, lo pasa al software del protocolo IPv4. Luego de analizar los campos del datagrama IP, ve que su dirección IP destino no es ninguna de sus direcciones IP, pero como es un router, mirará en su tabla de enrutamiento para reenviar el datagrama. Al mirar no encontrará ninguna coincidencia exacta con la IP del datagrama (102.0.0.40), pero encuentra que la red 102.0.0.0/24 se puede encaminar por el gateway 101.0.0.3. Entonces, r1 resta 1 el valor del TTL del datagrama, quedando con el valor 63, y encapsula el datagrama en un trama con la dirección Ethernet de su interfaz eth0. Al añadir la dirección Ethernet destino de la trama, comprueba su caché ARP por si tiene la dirección MAC asociada a la dirección IP 101.0.0.3. Como no la tiene, crea un paquete ARP request preguntando por la dirección MAC de 101.0.0.3. Esa petición ARP la envía por su interfaz eth1, que recibirán pc3, r2 y r3. Al procesar la petición ARP, solamente responderá r3 a la petición ARP. Cuando r1 recibe la respuesta ARP, añade a su caché ARP que la dirección IP 101.0.0.3 tiene asociada la dirección MAC 00:1c:42:00:00:02. Una vez que ha terminado con la petición ARP, vuelve a consultar la tabla, y como ahora conoce la dirección MAC de 101.0.0.3, añade esa dirección MAC al campo dirección destion de la trama Ethernet que contiene el datagrama IP de pc1. Finalmente, teniendo completada la trama, la envía por su interfaz eth1.  ","Si considera que me haya ayudado. El principal aspecto que me ha ayudado es el de parar y reanudar la animación. Esto me ha permitido analizar detalladamente los paquetes en cada momento, asentando los pasos que realiza cada equipo. Otros detalles que me han ayudado es la visualización del encapsulamiento, el por donde viaja el paquete y que hace cada equipo cuando recibe un paquete. Esto último me ha permitido aclarar que sucede con la caché ARP cuando un equipo recibe una petición de la que su dirección IP no es la preguntada.  ",
3/8/2023 12:17:02,"TE",6,4.62,5.71,7.50,7.50,2.50,2.50,5.00,7.50,7.50,4,4,2,2,3,4,4,"Slides","C","Acierto","B","Acierto","D","Acierto","C","Fallo","C","Fallo","A","Fallo","D","Acierto","B",,"C","Acierto","B","Fallo","A","Fallo","D","Fallo","A","Fallo","B","Acierto","Primero recibe el mensaje ICMP Echo Request de pc1 a pc4, y lo envía a pc4, que responde con un mensaje ICMP Echo Reply a pc1 y así se aprende pc4.",,"Aprendo mejor con demostraciones, no tiene porque ser en 3D, pero las prácticas de la asignatura ayudan mucho."
3/8/2023 12:18:00,"TE",8,6.15,6.79,5.00,5.00,10.00,5.00,7.50,7.50,7.50,3,3,5,3,4,4,4,"Slides","C","Acierto","B","Acierto","D","Acierto","C","Fallo","D","Acierto","D","Fallo","D","Acierto","B",,"C","Acierto","C","Fallo","D","Fallo","B","Acierto","A","Fallo","B","Acierto","la trama la reenviaria r1 a traves del destino que tenga configurado para tal maquina, que en este caso, por r3. En r3, al ser un router conectado a un hub, mandaria la trama a r2 y a pc4, aunque r2 no le haria caso, pero la guarda en la tabla de rutas. ",,"No las hemos usado de momento"
3/8/2023 12:18:40,"TE",8,6.15,6.43,7.50,5.00,7.50,2.50,5.00,10.00,7.50,4,3,4,2,3,5,4,"Slides","C","Acierto","B","Acierto",,"Fallo","C","Fallo","D","Acierto","A","Fallo","A","Fallo","B",,"C","Acierto","D","Acierto","B","Acierto","B","Acierto","A","Fallo","B","Acierto","Llega la trama, ve la dirección destino y busca en su tabla de encaminamiento por donde tiene que enviarla para que llegue a su destino. Si no tiene registrada la dirección exacta usa  la ruta por donde llega a la red. Como sabe por donde lo tiene que mandar para que llegue a la red donde se encuentra la ip destino, no tiene que preguntar a nadie.","No las he usado","No he visto la animación"
3/8/2023 12:20:12,"TE",10,7.69,5.71,5.00,5.00,5.00,2.50,7.50,7.50,7.50,3,3,3,2,4,4,4,"Slides","C","Acierto","B","Acierto","D","Acierto","A","Acierto","C","Fallo","C","Acierto","A","Fallo","B",,"C","Acierto","B","Fallo","B","Acierto","B","Acierto","D","Acierto","B","Acierto","r1 va a recibir solo el protocolo ARP con su target IP que le va a indicar que va dirigido hacia él, y añadirá a su tabla de encaminamiento la dirección IP de pc1, entonces mandará una respuesta de nuevo a pc1 con protocolo ethernet y destino pc1. Pc1 entonces se aprende por donde tiene que enviar la trama para llegar a pc4, y esta vez lo envía de nuevo pero con protocolo ethernet. LLega al router y esta vez va leyendo los protocolos de la trama y se encuentra con el destino de pc4, y además se resta a TTL 1 y añade la dirección de pc4 a su tabla de encaminamiento. Mediante ARP con target IP y ethernet con dirección broadcast, envía la trama por el cable eth1 hasta r3 ya que es el gateway qye le aparece en su tabla de encaminamiento. ",,"No lo sé porque no he tenido aún la oportunidad de probarlo y no puedo asegurar que me hubiese servido para algo."
3/8/2023 12:20:45,"TE",11,8.46,10.00,10.00,10.00,10.00,10.00,10.00,10.00,10.00,5,5,5,5,5,5,5,"VR","C","Acierto","B","Acierto","D","Acierto","B","Fallo","C","Fallo","C","Acierto","D","Acierto","A",,"C","Acierto","D","Acierto","B","Acierto","B","Acierto","D","Acierto","B","Acierto","Cuando r1 recibe la trama que contiene el datagrama IP dirigida a pc4, r1 sabe a qué dirección IP le tiene que mandar la nueva trama Ethernet ya que dicha información está presesnte en su tabla de enrutamiento; sin embargo, desconoce la dirección Ethernet perteneciente a 101.0.0.3 así que r1 manda por su su interfaz eth1 una solicitud ARP con dirección de Ethernet de broadcast. Después de ser procesada dicha solicitud por todos los receptores, uno de ellos (si existe) responde con un ARP informando de su dirección Ethernet con la dirección de destino la interfaz eth1 de r1. Cuando la respuesta ARP llega a r1 por su interfaz eth1, r1 se apunta en su cache ARP la dirección Ethernet de r3. Justo entonces, r1 rellena el campo de destino de la trama Ethernet que contiene el datagrama IP con el ICMP y lo envía por su interfaz eth1 dirigido a la dirección Ethernet de r3 y dirección IP de r3.","Me  ha ayudado el hecho de que se pueden ver los paquetes ""en espera"" cuya dirección de Ethernet de destino está por rellenar. Un pequeño detalle que me ha confundido ha sido que no se muestre la cache de ARP de todos los host que reciben la solicitud ARP.",
3/8/2023 12:21:18,"TE",9,6.92,7.14,7.50,7.50,5.00,5.00,7.50,10.00,7.50,4,4,3,3,4,5,4,"Slides","C","Acierto","B","Acierto","D","Acierto","B","Fallo","D","Acierto","B","Fallo","B","Fallo","A",,"B","Fallo","D","Acierto","B","Acierto","B","Acierto","D","Acierto","B","Acierto",,,"Si"
3/8/2023 12:21:40,"TE",11,8.46,7.50,10.00,7.50,7.50,7.50,7.50,7.50,5.00,5,4,4,4,4,4,3,"Slides","C","Acierto","B","Acierto","D","Acierto","A","Acierto","C","Fallo","C","Acierto","D","Acierto","B",,"C","Acierto","B","Fallo","B","Acierto","B","Acierto","D","Acierto","B","Acierto","Pc 1 envía un echo ping request (Type 8) con dirección broadcast y le llega a r1, r1 ve que el target IP se encuentra en su tabla de encaminamiento y procesa esta request, lo guarda en su cache ARP y le manda una respuesta a pc1. Pc1 vuelve a enviarle un echo ping request de tipo IP con el mensaje que va a pc4. Como r1 tiene en su tabla de encaminamiento la dirección de red de pc4 y ve que es ""vecino"" suyo envia un protocolo broadcast hacia r3 ya que es su gateaway. recibe más adelante la respuesta de pc4 pasando por pc2 y como ya conoce todo de su tabla de encaminamiento se lo envía directamente a pc1.",,"no lo sé, tendré que verlo"
3/8/2023 12:22:32,"TE",7,5.38,1.79,2.50,0.00,2.50,5.00,2.50,0.00,0.00,2,1,2,3,2,1,1,"VR","A","Fallo","B","Acierto","D","Acierto","B","Fallo","D","Acierto","D","Fallo","A","Fallo","B",,"C","Acierto","B","Fallo","A","Fallo","B","Acierto","D","Acierto","B","Acierto",,,"Seguramente"
3/8/2023 12:22:36,"TE",12,9.23,8.57,7.50,7.50,7.50,7.50,10.00,10.00,10.00,4,4,4,4,5,5,5,"Slides","C","Acierto","B","Acierto","D","Acierto","A","Acierto","D","Acierto","C","Acierto","D","Acierto","B",,"C","Acierto","B","Fallo","B","Acierto","B","Acierto","D","Acierto","B","Acierto","Cuando recibe el mensaje de pc1, registra pc1, verifica en la tabla de rutas donde se tiene que enviar el datagrama y sabe que se lo tiene que enviar a la direccion IP 101.0.0.3 que resulta que es r3 que se situa en eth1, crea un ARP que hace que pase el datagrama del eth0 a eth1 reduciendo el TTL de 64 a 63 y se lo transmite.",,"Las gafas 3D diria que atrae su atenccion haciendo que preste mas atencion pero no creo que sea tan distinto si ambos estan  bien expresado en consecuencia a si estas atendiendo o que se vea bien la visualizacion de la grafica"
3/8/2023 12:25:12,"TE",6,4.62,2.50,2.50,2.50,2.50,2.50,2.50,2.50,2.50,2,2,2,2,2,2,2,"Slides","B","Fallo","C","Fallo","A","Fallo","D","Fallo","D","Acierto","D","Fallo","B","Fallo","B",,"C","Acierto","C","Fallo","B","Acierto","B","Acierto","D","Acierto","B","Acierto","No se",,"¡Si!"
3/8/2023 12:29:01,"TE",8,6.15,5.36,7.50,5.00,7.50,5.00,5.00,2.50,5.00,4,3,4,3,3,2,3,"Slides","C","Acierto","B","Acierto","D","Acierto","C","Fallo","D","Acierto","C","Acierto","A","Fallo","C",,"C","Acierto","B","Fallo","B","Acierto","A","Fallo","A","Fallo","B","Acierto","La trayectoria que realiza es la siguiente:
El mensaje que queremos enviar pasa de pc1 a r1, de r1 a r3 pasando por un hub. Finalmente r3 se lo envia al destino el cual es pc4. Para volver, en vez de pasar por r3 como a la ida, pasa por r2 hacia r1, el cual se lo acaba enviando a pc1.",,
3/8/2023 12:35:56,"TE",13,10.00,5.36,7.50,5.00,5.00,5.00,5.00,5.00,5.00,4,3,3,3,3,3,3,"Slides","C","Acierto","B","Acierto","D","Acierto","A","Acierto","D","Acierto","C","Acierto","D","Acierto","A",,"C","Acierto","D","Acierto","B","Acierto","B","Acierto","D","Acierto","B","Acierto","r1 envia mensaje a r3, debido a que tiene aprendida su direción IP correspondiente a la subred de pc4, pero primero envia un mensaje ARP el cual r3 lo procesara y respondera para poder aprender sus direcciones eth, una vez enviado el mensaje a r3, manda otro mensaje ARP para saber la direccion eth de pc4 en esa subred y ser aprendidas en sus caches. Finalmente llega el mensaje a pc4, y este envia una respuesta a pc1, mediante r2, enviando otro mensaje ARP para saber la direccion eth de r2 y guardarlo en sus caches; posteriormente se realiza el mismo proceso para enviar el mensaje de r2 a r1, y ya en r1, se envia directamente la respuesta del mensaje a pc1 debido a que su direccion eth esta guardada en el cache ARP de r1 antes aprendida.",,
3/7/2023 12:08:54,"AMSE",6,4.62,6.07,5.00,7.50,5.00,7.50,5.00,7.50,5.00,3,4,3,4,3,4,3,"Slides","D","Fallo","C","Fallo","B","Fallo","B","Fallo","D","Acierto","C","Acierto","D","Acierto","B",,"C","Acierto",,"Fallo",,"Fallo","B","Acierto","D","Acierto","A","Fallo",,,"Nunca he usado unas gafas VR asique no tengo ni la más remota idea de si me puede ayudar más o menos."
3/7/2023 12:16:52,"AMSE",10,7.69,8.57,7.50,7.50,7.50,10.00,10.00,7.50,10.00,4,4,4,5,5,4,5,"Slides","A","Fallo","B","Acierto","D","Acierto","A","Acierto","D","Acierto","C","Acierto","B","Fallo","A",,"C","Acierto","C","Fallo","B","Acierto","B","Acierto","D","Acierto","B","Acierto","El router recibe el datagrama, luego tras mirar en su tabla de rooting que tiene la dirección, la envia. ",,
3/7/2023 12:18:47,"AMSE",6,4.62,6.07,7.50,7.50,5.00,2.50,7.50,5.00,7.50,4,4,3,2,4,3,4,"3DAnimation","A","Fallo","B","Acierto","D","Acierto","B","Fallo","D","Acierto",,"Fallo",,"Fallo","A",,"A","Fallo","C","Fallo","B","Acierto",,"Fallo","D","Acierto","B","Acierto",,"Sí, debido a que he podido observar mejor el funcionamiento de la red.",
3/7/2023 12:19:27,"AMSE",7,5.38,5.36,5.00,5.00,5.00,2.50,2.50,7.50,10.00,3,3,3,2,2,4,5,"Slides","C","Acierto","B","Acierto","D","Acierto","A","Acierto","C","Fallo","B","Fallo","A","Fallo","A",,"B","Fallo","C","Fallo","B","Acierto","A","Fallo","D","Acierto","B","Acierto","R1 primero mira las direccioneds en su tabla de routing, como es conocedor de la dirección ip de pc4, mira en la parte de destination, al salir en esa parte, lo envia a través del router 3 por el interfaz 1",,"Yo creo que la animación 3D me hubiese ayudado a ver mejor el entorno"
3/7/2023 12:20:15,"AMSE",7,5.38,5.36,5.00,5.00,7.50,5.00,5.00,5.00,5.00,3,3,4,3,3,3,3,"Slides","C","Acierto","C","Fallo","D","Acierto","D","Fallo","D","Acierto","C","Acierto","B","Fallo","B",,"D","Fallo","C","Fallo","D","Fallo","B","Acierto","D","Acierto","B","Acierto",,,
3/7/2023 12:20:24,"AMSE",5,3.85,2.50,2.50,2.50,2.50,2.50,2.50,2.50,2.50,2,2,2,2,2,2,2,"Slides","A","Fallo","A","Fallo","D","Acierto","D","Fallo","B","Fallo","C","Acierto","B","Fallo","B",,"D","Fallo","D","Acierto","C","Fallo","A","Fallo","D","Acierto","B","Acierto","Una vez que el router r1 recibe por eth0 la trama Ethernet que contiene el datagrama IP dirigido a pc4, lo guarda en su caché y después lo envía a pc4",,"Creo que viendo la animación 3D podría haber entendido mejor las preguntas"
3/7/2023 12:23:15,"AMSE",12,9.23,7.50,7.50,7.50,10.00,7.50,10.00,5.00,5.00,4,4,5,4,5,3,3,"Slides","B","Fallo","B","Acierto","D","Acierto","A","Acierto","D","Acierto","C","Acierto","D","Acierto","A",,"C","Acierto","D","Acierto","B","Acierto","B","Acierto","D","Acierto","B","Acierto","r1 ha almacenado la dirección ethernet e IP de pc1,enviará una solicitud ARP para encontrar la dirección ethernet de r3 por eth1.Una vez encontrada la dirección ethernet de r3,r1 reenvía el datagrama IP.","No la he visto","No la he visto"
3/7/2023 12:24:37,"AMSE",10,7.69,8.21,7.50,7.50,7.50,7.50,10.00,10.00,7.50,4,4,4,4,5,5,4,"Slides","C","Acierto","B","Acierto","C","Fallo","C","Fallo","D","Acierto","C","Acierto","B","Fallo","B",,"C","Acierto","D","Acierto","B","Acierto","B","Acierto","D","Acierto","B","Acierto","Primero guarda la dirección ethernet e IP de pc1 en su tabla de routing, después busca una ruta por donde encaminar la trama. Observando su tabla de routing verá que la debe enviar a través de su rama ethernet 1, hacia 101.0.0.3, ya que esta es la que se encargará según su tabla de routing de entregar el mensaje a su destino.
Poco después, pc4 mandará otra trama, esta vez con destino pc1. Al recibirla r1, que en su tabla de routing ya conoce la ubicación de pc1, se la mandará directamente.",,"No he usado las gafas, luego no puedo responder totalmente convencido, pero creo que la visualización 3D sí podría haberme ayudado a asentar mejor los conocimientos"
3/7/2023 12:25:00,"AMSE",9,6.92,6.43,7.50,7.50,7.50,0.00,7.50,7.50,7.50,4,4,4,,4,4,4,"3DAnimation","C","Acierto","B","Acierto","C","Fallo","A","Acierto","C","Fallo","B","Fallo","B","Fallo","A",,"C","Acierto","D","Acierto","B","Acierto","B","Acierto","D","Acierto","B","Acierto","El router procesa el datagrama IP para saber la direccion a la que necesita encaminarlo, crea un datagrama Ethernet pero deja vacio el campo de destino, revisa su cache de ARP para saber si tiene registrada esa direccion IPen caso de que no lo deja en espera, despues, crea un paquete ARP para preguntar por la direccion Ethernet ligada a la direccion IP de destino del paquete que le llego, una vez creado lo envia y espera su respuesta, una vez que obtenga dicha respuesta registra la direccion Ethernet en la cache y procede a rellenar el mensaje que tenia en espera con la direccion Ethernet que le ha llegado y reenvia el paquete. ","SSi, ya que de cierta manera te ayuda a crear una imagen mental de todo el proceso lo que ayuda a la comprension",
3/7/2023 12:25:33,"AMSE",4,3.08,4.29,2.50,2.50,2.50,5.00,2.50,7.50,7.50,2,2,2,3,2,4,4,"3DAnimation","A","Fallo","C","Fallo","D","Acierto","C","Fallo","D","Acierto","A","Fallo","B","Fallo","B",,"D","Fallo","C","Fallo","B","Acierto","A","Fallo","D","Acierto","A","Fallo","Cuando r1 recibe la trama de pc1, enviará un caché ARP preguntando por la dirección. Este mensaje se enviará por todos los puertos llegando al Hub, que lo enviará a todas las máquinas disponibles. Pc3 no lo procesará, y r2 y r3 harán lo mismo en su caso, llegando así hasta el Hub que conecta a pc4, donde este al llegarle el mensaje sí que lo procesará. Enviará un mensaje de vuelta, haciendo  que pase por el hub y le llegue a r2 y r3 y estos lo vuelvan a mandar al hub que a su vez volverá a mandar a todos, y solo lo procesará r1. Este al volverá a enviar un mensaje de caché de ARP (pese a tener almacenada la dirección de pc1, lo hace por confirmar) y al llegar al hub le llegaŕa a pc2, que no  lo procesará, y finalmente a pc1, el cual sí procesará el mensaje, ya que es la respuesta generada por pc4 ante el ping que pc1 le envió.","Hace que sea más divertido e interactivo el ver como funciona, además considero que sí que ayuda a la visualización y comprensión de los contenidos.",
3/7/2023 12:25:58,"AMSE",8,6.15,7.86,7.50,7.50,7.50,5.00,10.00,7.50,10.00,4,4,4,3,5,4,5,"VR","C","Acierto","B","Acierto","C","Fallo","A","Acierto","D","Acierto","C","Acierto","C","Fallo","A",,"A","Fallo","C","Fallo","B","Acierto","A","Fallo","D","Acierto","B","Acierto","Envia el arp para saber si en alguna de las conexiones existe la dirección a la que va dirigida, al comprobar que si, envia la trama hacia esa dirección.","si, aunque he tenido que verla varias veces porque la velocidad era un poco elevada y habia que estar muy atento.",
3/7/2023 12:26:03,"AMSE",6,4.62,5.36,5.00,5.00,5.00,7.50,7.50,7.50,0.00,3,3,3,4,4,4,1,"Slides","B","Fallo","B","Acierto","A","Fallo","C","Fallo","D","Acierto","C","Acierto","B","Fallo","B",,"D","Fallo","D","Acierto","B","Acierto","A","Fallo","A","Fallo","B","Acierto",,,
3/7/2023 12:26:49,"AMSE",7,5.38,5.71,5.00,5.00,5.00,5.00,7.50,5.00,7.50,3,3,3,3,4,3,4,"3DAnimation","C","Acierto","B","Acierto","B","Fallo","B","Fallo","D","Acierto","C","Acierto","B","Fallo","B",,"A","Fallo","A","Fallo","A","Fallo","B","Acierto","D","Acierto","B","Acierto","r1 reenvía una trama a Pc1 y Pc2 para confirmar la dirección IP, una vez hecho esto, Pc1 envía otra vez su trama hasta Pc4, por lo que una vez llegado al r1 este emvía un mensaje para comprobar la si la Ip de Pc4 se encuentra por eth1","Creo que si que me ha sido de gran utilidad ya que he visto de manera más concreta lo que pasa con respecto a los protocolos ya que antes no lo tenía muy claro, no considero que haya ningún aspecto confuso. ",
3/7/2023 12:27:15,"AMSE",5,3.85,5.00,5.00,5.00,5.00,5.00,5.00,5.00,5.00,3,3,3,3,3,3,3,"3DAnimation","D","Fallo","C","Fallo","A","Fallo","A","Acierto",,"Fallo","C","Acierto","B","Fallo","B",,"C","Acierto","C","Fallo","B","Acierto","D","Fallo","A","Fallo","B","Acierto","Al llegar la informacion a r1este lo envia al siguiente hub y este por defecto lo envia a las siguientes maquinas, para enviar la informacion a pc4 pasara por r3, este llega al siguente hub y este envida la informacion a r2 y pc4","Si, ya que se puede entender de manera mas clara como pasa la informacion",
3/7/2023 12:27:28,"AMSE",5,3.85,6.07,5.00,5.00,7.50,2.50,7.50,7.50,7.50,3,3,4,2,4,4,4,"Slides","B","Fallo","D","Fallo","A","Fallo","C","Fallo","D","Acierto","C","Acierto","B","Fallo","B",,"D","Fallo","D","Acierto","D","Fallo","C","Fallo","D","Acierto","B","Acierto",,,"Sí."
3/7/2023 12:28:12,"AMSE",5,3.85,4.29,5.00,5.00,2.50,5.00,5.00,2.50,5.00,3,3,2,3,3,2,3,"3DAnimation","D","Fallo","A","Fallo","D","Acierto","B","Fallo",,"Fallo","C","Acierto",,"Fallo",,,"D","Fallo","D","Acierto","A","Fallo",,"Fallo","D","Acierto","B","Acierto","El paquete llega a r1 y este almacena la dirección desde donde ha llegado, seguidamente envía una solicitud ARP, al recibir confirmación envía el paquete hacia el siguente.",,"Sí, te centras más."
3/7/2023 12:28:15,"AMSE",5,3.85,5.71,5.00,5.00,5.00,7.50,7.50,5.00,5.00,3,3,3,4,4,3,3,"3DAnimation","C","Acierto","B","Acierto","C","Fallo","A","Acierto",,"Fallo","C","Acierto",,"Fallo","B",,"D","Fallo","B","Fallo","A","Fallo","D","Fallo","D","Acierto","A","Fallo","pc1 envía hacia r1 la dirección a la que va dirigida la cual sigue mandando hacia el segundo hub porque tiene más direcciónes ip, sigue mandando la dirección a r2 y r3 porque incluye la dirección que manda desde r1 y lo manda hacia el otro hub al que concecta el pc4.","Es una manera más interesante de entender aunque es costoso por haber muchas cosas.",
3/7/2023 12:28:20,"AMSE",8,6.15,5.71,5.00,7.50,5.00,5.00,7.50,5.00,5.00,3,4,3,3,4,3,3,"3DAnimation","A","Fallo","B","Acierto","D","Acierto","D","Fallo","D","Acierto","D","Fallo","B","Fallo","C",,"D","Fallo","D","Acierto","B","Acierto","B","Acierto","D","Acierto","B","Acierto","1 r1 recive la petición de busqueda de pc4 o 102.0.0.3 entonces r1 le envia una trama con su dirección de vuelta para que le envie las tramas de datos, entonces pc1 cambia su dirección a la de r1 y al llegar al mismo envia a sus direcciones preguntando por pc4 y al recibir la dirección y las tramas devueltas por r2 le envia las tramas dirigidas a pc4 y luego este se las envias a la computadora la cual respondde enviando de vuelta las tramasque vuelven a pasar directamente por r1 que las envia a pc1 de vuelta.","Me han ayudado bastante ya que he podido entender cosas dentro de la animación que no habia entendido viendo las imagenes en las transaparencias por lo que lo veo super util",
3/7/2023 12:29:07,"AMSE",9,6.92,5.00,5.00,5.00,5.00,2.50,7.50,5.00,5.00,3,3,3,2,4,3,3,"VR","C","Acierto","B","Acierto","C","Fallo","D","Fallo","D","Acierto","C","Acierto","D","Acierto","B",,"C","Acierto","C","Fallo","A","Fallo","B","Acierto","D","Acierto","B","Acierto",,"Sí, ya que puedes interactuar y ver como funciona mejor",
3/7/2023 12:29:30,"AMSE",8,6.15,6.07,5.00,5.00,5.00,5.00,7.50,7.50,7.50,3,3,3,3,4,4,4,"3DAnimation","C","Acierto","B","Acierto","D","Acierto","D","Fallo","C","Fallo","C","Acierto","D","Acierto","B",,"A","Fallo","D","Acierto","D","Fallo","B","Acierto",,"Fallo","B","Acierto","Primero pregunta a Pc1 donde lo tiene que enviar, luego le responde y r1 envía a el hub ese datagrama, el cual lo comparte con todos los dispositivos conectados a él.","Si ayuda para entenderlo mejor, pero hay momentos donde necesitas que te lo explique co voz.",
3/7/2023 12:30:03,"AMSE",4,3.08,4.64,2.50,2.50,7.50,5.00,7.50,5.00,2.50,2,2,4,3,4,3,2,"3DAnimation","C","Acierto","C","Fallo","C","Fallo","C","Fallo","C","Fallo","C","Acierto","D","Acierto","D",,,"Fallo","A","Fallo","D","Fallo","A","Fallo","D","Acierto","A","Fallo",,,
3/7/2023 12:31:16,"AMSE",7,5.38,6.07,7.50,7.50,5.00,2.50,7.50,7.50,5.00,4,4,3,2,4,4,3,"3DAnimation","D","Fallo","A","Fallo","B","Fallo","A","Acierto","D","Acierto","C","Acierto","C","Fallo","A",,"B","Fallo","D","Acierto","B","Acierto","D","Fallo","D","Acierto","B","Acierto","Recibirá un paquete con la  información enviada por pc1 (origen pc1 y destino pc2) y será el único, entre pc2 y r1, que lo entenderá después del proceso Ethernet con dirección Broadcast porque sigue la ruta que se manda. Una vez tenga la dirección con la información, r1 mandará el mensaje por eth1 y el siguiente hub se encargará de repartirlo hasta encontrar la ruta asignada. En este caso ambos, r2 y r3, son útiles para la ruta y se usarán ambos. Los routers recopilan la información de origen y buscan el destino mandando el mensaje por eth1. Encuentran el destino pc4.","Me parece una manera más interactiva, y por ello didáctica porque es más entretenida y te obliga a prestar más atención que una diapositiva.",
3/7/2023 12:31:31,"AMSE",8,6.15,6.79,7.50,7.50,5.00,7.50,5.00,7.50,7.50,4,4,3,4,3,4,4,"3DAnimation","B","Fallo","B","Acierto","D","Acierto","C","Fallo","D","Acierto","C","Acierto","A","Fallo","B",,"C","Acierto","C","Fallo","A","Fallo","B","Acierto","D","Acierto","B","Acierto","r1 enviaría una solicitud de ARP por su interfaz eth1 preguntando por la dirección Ethernet de pc4 correrspondiente a la dirección IP 102.0.0.40, llegando al hub que enviaría esta información a pc3, r2 y r3 de las cuáles r2 y r3 responderían, llegando a pasar la información de r1 por ellas llegando al hub y este a su vez se lo enviaría a pc4. Tras esto, pc4 enviaría la respuesta para pc1 recorriendo el hub, tras esto los routers anteriormente mencionados y ya de ahí por el hub que enviaría a todos llegando así a r1 que enviaría por el hub que mandaría a pc1 y pc2, por lo que llegaria a pc1 de esa forma.","Me ayudo para ver algún que otro concepto de manera más clara",
3/7/2023 12:31:52,"AMSE",7,5.38,6.43,7.50,7.50,5.00,5.00,7.50,5.00,7.50,4,4,3,3,4,3,4,"Slides","B","Fallo","B","Acierto","A","Fallo","C","Fallo","D","Acierto","C","Acierto","B","Fallo","B",,"A","Fallo","D","Acierto","B","Acierto","A","Fallo","D","Acierto","B","Acierto",,,"si"
3/7/2023 12:31:57,"AMSE",7,5.38,6.07,5.00,2.50,7.50,5.00,7.50,5.00,10.00,3,2,4,3,4,3,5,"VR","B","Fallo","C","Fallo","B","Fallo","A","Acierto","D","Acierto","C","Acierto","B","Fallo","A",,"A","Fallo","A","Fallo","B","Acierto","B","Acierto","D","Acierto","B","Acierto",,"Sí, ya que has podido ver el movimiento de los paquetes y direcciones, e investigar sobre ello, haciendo que estés más atento.",
3/7/2023 12:32:43,"AMSE",5,3.85,5.00,5.00,5.00,5.00,5.00,5.00,5.00,5.00,3,3,3,3,3,3,3,"VR","C","Acierto","B","Acierto","C","Fallo","D","Fallo","D","Acierto","C","Acierto","C","Fallo","A",,"D","Fallo","C","Fallo","A","Fallo","A","Fallo","C","Fallo","B","Acierto",,"Si, al principio fue un poco complicado pero luego de repetir el video ya pude comprenderlo","Si, ya es una ayuda visual muy explicativa"
3/7/2023 12:33:06,"AMSE",10,7.69,6.43,5.00,5.00,5.00,5.00,10.00,7.50,7.50,3,3,3,3,5,4,4,"VR","C","Acierto","B","Acierto","B","Fallo","A","Acierto","C","Fallo","C","Acierto","D","Acierto","A",,"D","Fallo","D","Acierto","B","Acierto","B","Acierto","D","Acierto","B","Acierto","Lo que sucede es que al llegar mensaje, el roouter guarda la dirección de pc1 y la asigna al puerto al que este pc está conectado, a continuación envia una solicitud de ARC al resto de sus puertos menos por el que ha llegado el paquete, es decir, por su otro puerto. Al recibir la respuesta por este puerto, aceptando la solicitud, este manda el paquete.","Si, sobre todo lo relacionado a las solicitudes ARP y posterior envío del paquete. ",
3/7/2023 12:33:26,"AMSE",7,5.38,5.00,5.00,5.00,5.00,5.00,5.00,5.00,5.00,3,3,3,3,3,3,3,"VR","B","Fallo","B","Acierto","B","Fallo","C","Fallo","D","Acierto","C","Acierto","C","Fallo","B",,"C","Acierto","C","Fallo","B","Acierto","B","Acierto","A","Fallo","B","Acierto","Primero recibe la información de pc1 y guarda la dirección de donde ha venido, después se la manda al hub.","Si me ha ayudado, ya que al ser una forma didáctica diferente, te concentras más en lo que esta pasando.",
3/7/2023 12:33:40,"AMSE",9,6.92,5.71,7.50,7.50,2.50,5.00,7.50,5.00,5.00,4,4,2,3,4,3,3,"VR","C","Acierto","B","Acierto","C","Fallo","D","Fallo","C","Fallo","C","Acierto","D","Acierto","A",,"C","Acierto","A","Fallo","B","Acierto","B","Acierto","D","Acierto","B","Acierto","Primero de todo r1 enviara una solicitud ARP a r2,r3 y pc3 estos la procesaran y en este caso pc3 devolverá una respuesta a r1  con la direccion ethernet para su trama. Con ello r1 podra poner destino a su trama ethernet y enviar el paquete.","Si ya que viendolo visualmente te ayuda a aclarar cosas que desde otro método no somos tan capaces de comprender. La simulación era muy buena, quizá un poco rápida pero al existir la opcion de parar y hacer el reset me ha parecido bastante buena.",
3/7/2023 12:34:27,"AMSE",9,6.92,5.71,5.00,5.00,5.00,5.00,5.00,7.50,7.50,3,3,3,3,3,4,4,"VR","C","Acierto","B","Acierto","B","Fallo","B","Fallo","D","Acierto","C","Acierto","D","Acierto","B",,"D","Fallo","C","Fallo","B","Acierto","B","Acierto","D","Acierto","B","Acierto","R1 enviaria una solicitud a R2 y r3 para saber en que lugar se encuentra la red destino, una vez recibiera la respuesta de vuelta, enviaria la trama basandose en la respuesta. Una vez","Considero que la animacion es de gran ayuda para entenderlo, pero estaria bien un control de adelantamiento o atrasamiento del video, por si quedan dudas no tener que ver la animacion desde el principio",
3/7/2023 12:34:43,"AMSE",5,3.85,1.79,2.50,2.50,2.50,0.00,2.50,0.00,2.50,2,2,2,1,2,1,2,"VR","C","Acierto","B","Acierto","A","Fallo","D","Fallo","C","Fallo","D","Fallo","B","Fallo","A",,"D","Fallo","C","Fallo","B","Acierto","B","Acierto",,"Fallo","B","Acierto",,"NO","NO"
3/7/2023 12:35:45,"AMSE",4,3.08,3.93,5.00,2.50,0.00,2.50,7.50,2.50,7.50,3,2,1,2,4,2,4,"VR","B","Fallo","C","Fallo","B","Fallo","D","Fallo","D","Acierto","C","Acierto","B","Fallo","D",,"A","Fallo","C","Fallo","B","Acierto","A","Fallo","D","Acierto","A","Fallo","r1 recibe la trama por eth0, r1 recibe las cabeceras ethernet y el protocolo ARP, donde el campo de Ethernet (destination) es el broadcast. Luego el campo de ARP (destino) es la dirección IP de pc4.","Si, la anumación ha sido útil a la hora de poder parar y continuar las animaciones.",
3/7/2023 12:35:56,"AMSE",2,1.54,5.71,5.00,5.00,5.00,2.50,7.50,7.50,7.50,3,3,3,2,4,4,4,"VR","B","Fallo","A","Fallo","C","Fallo","D","Fallo","D","Acierto","A","Fallo","C","Fallo","A",,"A","Fallo","D","Acierto","A","Fallo","D","Fallo",,"Fallo","A","Fallo","R1 recibe la trama Ethernet, la procesa y la reenvía en direccion al hub a traves de eth1 de r1.","La animación yo creo que me ha ayudado porque es mucho más visual y se te queda mejor al ver cada proceso en persona por así decirlo.",
3/7/2023 12:38:10,"AMSE",8,6.15,7.14,7.50,7.50,5.00,5.00,10.00,7.50,7.50,4,4,3,3,5,4,4,"VR","B","Fallo","B","Acierto","D","Acierto","A","Acierto","D","Acierto","A","Fallo","B","Fallo","A",,"D","Fallo","D","Acierto","B","Acierto","D","Fallo","D","Acierto","B","Acierto","r1 procesa y envía una request a pc1 que duevolverá un reply a r1, después enviará por eth1 la trama que pc3 descartará, r2 y r3 procesarán y enviarán request a r1 que devolverá reply, luego r2 enviará la trama a r4 que procesará y enviará el echo reply, que pasará por r2 a r1 y a pc1.","A la hora de visualizar el contenido es mejor que en las diapositivas ya que se puede ver en tiempo real cómo funciona el sistema; dicho esto no sé si habría mucha diferencia entre verlo en VR o en navegador web normal.",
3/7/2023 12:40:02,"AMSE",6,4.62,6.07,5.00,7.50,5.00,5.00,5.00,7.50,7.50,3,4,3,3,3,4,4,"Slides","C","Acierto","B","Acierto","C","Fallo","B","Fallo","C","Fallo","B","Fallo","D","Acierto","A",,"C","Acierto","B","Fallo","A","Fallo","A","Fallo","D","Acierto","B","Acierto","R1 envia una solitud arp hacia su interfaz eth1 preguntando por la dirección ethernet de r3, l pasar por un hub este lo envía a todas sus conexiones pero sololo procesa r3. R3 le da una respuesta arp y pasa lo mismo con el hub y al final llega a r1 y este termina por enviar el datagrama a r3. 
Cuando r3 lo recibe, se guarda en su tabla la dirección de r1 y procede a enviar una solicitud arp hacia su interfaz eth1 preguntando por la dirección ethernet del pc4, al pasar por un hub esto se envía a todas sus conexiones pero solo lo procesa pc4 el cual envía una respuesta arp a r3 pero como pasa por el hub pues llega a todas las conexiones, solo lo termina procesando r3 y este se dispone a enviar el datagrama Ip a pc4 en este proceso tanto r3 como pc4 han guardado las direcciones de las máquinas que les han enviado algo.
Para que la información vuelva a r1 y este lo tenga que reenviar, pasa exactamente lo mismo pero a la inversa y con la peculiaridad de que en este caso todas las máquinas tienen las direcciones aprendidas por tanto ya no habrá solicitudes arp, sino que directamente lo enviarán a la dirección que quieren.
Terminara pc4 devolviendoló a r3, y r3 a pc1 pasando por los hub que lo enviarán a todos.",,"No he utilizado las gafas nunca"
