Marca temporal,GRADO,ACIERTOS,NOTA,VALORA_MEDIA,VALORA1,VALORA2,VALORA3,VALORA4,VALORA5,VALORA6,VALORA7,DEMO,P1,R_P1,P2,R_P2,P3,R_P3,P4,R_P4,P5,R_P5,P6,R_P6,P7,R_P7,P8,R_P8,P9,R_P9,P10,R_P10,P11,R_P11,P12,R_P12,P13,R_P13,P14,R_P14,P15,APRENDIZAJE1,APRENDIZAJE2
2022/10/25 12:33:42 p. m. EET,BIO,9,6.92,5.14,3,3,2,2,3,2,3,GafasVR,C,Acierto,B,Acierto,D,Acierto,A,Acierto,D,Acierto,C,Acierto,B,Fallo,B,,A,Fallo,C,Fallo,B,Acierto,D,Fallo,D,Acierto,B,Acierto,"r1 envía dicho datagrama a r3, r3 lo envía a pc4, pc4 responde a dicho datagrama y envía la respuesta a r2 que se la envía a r1 y r1 ahí ya lo reenvía",Me ha ayudado ya que la animación lo hace de una forma más dinámica y gráfica aunque la velocidad de animación era rápida por lo que necesitaba pausarlo,
2022/10/25 12:36:41 p. m. EET,BIO,9,6.92,7.14,3,3,3,4,4,4,4,Animacion3D,C,Acierto,C,Fallo,D,Acierto,A,Acierto,D,Acierto,B,Fallo,D,Acierto,D,,C,Acierto,B,Fallo,B,Acierto,A,Fallo,D,Acierto,B,Acierto,"r1 recibe por eth0 la trama Ethernet que contiene un datagrama IP prodedente de pc1 hacia pc4. Este observa su tabla de encaminamiento y ve que para dirigirse a 102.0.0.0/24 (dirección de pc4) debe seguir el camino 101.0.0.3 por eth1, es decir enviar el datagrama hacia r3 a través del hub.","Sí creo que me ha ayudado a entender mejor el funcionamiento de los protocolos, sobre todo porque he podido ir parando la animación para ver cómo se iban modificando las tablas de encaminamiento y las de caché de ARP.",
2022/10/25 12:39:04 p. m. EET,BIO,10,7.69,4.86,2,2,3,3,2,2,3,Diapositivas,C,Acierto,B,Acierto,D,Acierto,B,Fallo,D,Acierto,B,Fallo,D,Acierto,A,,C,Acierto,C,Fallo,B,Acierto,B,Acierto,D,Acierto,B,Acierto,"R1 envía ahora una solicitud ARP con destino 101.0.0.0/24 para conocer la dirección ethernet del r3 y así poder envíar este paquete. En cuanto al mensaje echo reply este no tiene que mandar solicitud de ARP, ya que tiene las direcciones ethernet en el caché.",,"Sí, ya que se todo mucho más claro."
2022/10/25 12:41:40 p. m. EET,BIO,7,5.38,6.29,4,3,3,3,4,3,2,Diapositivas,C,Acierto,B,Acierto,D,Acierto,A,Acierto,C,Fallo,B,Fallo,C,Fallo,A,,B,Fallo,B,Fallo,,Fallo,B,Acierto,D,Acierto,B,Acierto,"En primer lugar a pc1 quiere enviar un mensaje a la direccion IP de pc4, como no conoce su direccion Ethernet, lo que hace es enviar una solicutud ARP a r1. Por lo tanto, a r1 le llega una solicitud ARP preguntando por la direccion Ethernet origen, en este caso la direccion Ethernet destino era broadcast. R1 añade su direccion ethener origen y le manda la respuesta ARP",,Al visualizarlo con 3D me hubiese ayudado más a entender el proceso
2022/10/25 12:41:42 p. m. EET,BIO,6,4.62,6.00,3,1,3,3,5,3,3,GafasVR,C,Acierto,B,Acierto,,Fallo,B,Fallo,C,Fallo,D,Fallo,C,Fallo,A,,C,Acierto,C,Fallo,B,Acierto,,Fallo,D,Acierto,B,Acierto,r1envía de vuelta a pc1 que él tiene la dirección destino. Le llega la trama de pc1 y pregunta quién tiene la dirección hace pc4. r3 le responde y r1 le envíam la trama. (r3 se la enviará a pc4). Cuando pc4 recibe la trama y le responde le llega a r1 por el camino inverso.,Se ve de forma más visual (tal vez un poco rápido) y práctica. Aún así hay pasos que en este ejercicio me han resultado confusos.,
2022/10/25 12:43:01 p. m. EET,BIO,7,5.38,7.14,3,3,3,4,4,4,4,Diapositivas,C,Acierto,B,Acierto,C,Fallo,B,Fallo,C,Fallo,B,Fallo,D,Acierto,D,,C,Acierto,D,Acierto,B,Acierto,A,Fallo,D,Acierto,A,Fallo,,,
2022/10/25 12:43:32 p. m. EET,BIO,8,6.15,7.71,3,3,5,4,4,4,4,GafasVR,C,Acierto,B,Acierto,D,Acierto,D,Fallo,B,Fallo,C,Acierto,D,Acierto,A,,A,Fallo,C,Fallo,D,Fallo,B,Acierto,D,Acierto,B,Acierto,R1 mira en su  tabla si la dirección ip de pc4 pero como no la tiene coge el gateway 101.0.0.3 este le envia a r3 donde volvemos a mirar en la tabla de r2 si tiene la dirección ip de pc4 como no la tiene coge la dirección destino 102.0.0.0 con gateway 0.0.0.0 lo que significa que es el siguiente salto. Una vez en pc4 se aprende la dirección ethernet de pc1 y la direccion ip de pc1 por lo que mira en su tabla de direcciones y busca la direccion ip de pc1 como no esta coge la direccion destino 100.0.0.0 con gateway 102.0.0.2 llega a r2 y mira si tiene en su tabla de direcciones la direccion de pc1 como no la tiene coge la direccion gateway 101.0.0.1 la cual ya lleva a r1,"Si ayuda a entender mejor el suceso pero ayudaria más si se pudiera meter un audio explicando el proceso y así tu puedes ir viendo que sucede, qeu direcciones tiene cada ordenador mientras te van explicando que sucede en ele proceso de ping",
2022/10/25 12:43:40 p. m. EET,BIO,11,8.46,8.57,4,4,5,4,5,4,4,GafasVR,C,Acierto,B,Acierto,D,Acierto,B,Fallo,D,Acierto,B,Fallo,D,Acierto,A,,C,Acierto,D,Acierto,B,Acierto,B,Acierto,D,Acierto,B,Acierto,"r1 recibe un ARP request de pc1 para saber su dirección Ethernet, envía un ARP reply a pc1. De esta manera tanto pc1, como r1 almacenan la dirección Ethernet en el caché ARP. 

Le llega el mensaje ICMP con dirección IP de pc4, busca en la tabla de encaminamiento por donde enviarlo, que es por r3, envía mensaje ARP request a r3 para conocer su dirección Ethernet. Le llega el ARP reply de r3, y almacena en el caché ARP la dirección Ethernet de r3.
Envía el mensaje ICMP a r3. 

Más tarde, le llega un mensaje ARP request de r2, hace un ARP reply y almacena la dirección Ethernet de r2. 
Después le llega el mensaje ICMP con dirección IP de pc1, como ya conoce su dirección Ethernet se lo envía directamente. ","Sí, ayuda a tener más claros los pasos. 
Poder parar la animación en cualquier momento y ver que ha ocurrido en cualquier interfaz es un método bastante visual y claro. 
De todas maneras, la explicación previa me sigue pareciendo muy importante e incluso esencial. No pienso que las gafas sustituyan la explicación del profesor. ",
2022/10/25 12:43:48 p. m. EET,BIO,11,8.46,9.43,5,5,5,5,5,5,3,Animacion3D,C,Acierto,B,Acierto,D,Acierto,A,Acierto,D,Acierto,B,Fallo,D,Acierto,D,,B,Fallo,D,Acierto,B,Acierto,B,Acierto,D,Acierto,B,Acierto,"A r1 le llega la trama Ethernet que contiene el datagrama IP dirigido a pc4. R1 comprueba si la dirección IP del datagrama coincide con alguna de las direcciones IP de su interfaz. Como comprueba que no coinciden sabe que el datagrama IP no es para él. Como r1 está configurado como encaminador, este disminuye el ttl del datagrama IP en 1 y posteriormente consulta su tabla de encaminamiento. Revisa sus entradas, la IP no coincide con ninguna, revisa las entradas de máscara de red, coincide una entrada por lo que debe enviar el datagrama IP a la máquina con IP 101.0.0.3, para comprobar la dirección ethernet de la máquina con esa IP, mira su tabla de caché ARP para ver si tiene alguna dirección ethernet guardada. Pero no tiene ninguna, por tanto genera una solicitud ARP que le llega a pc3, r2 y r3. El único que la rellena es r3 que la rellena con su dirección ethernet y se guarda la dirección ethernet de r1 en su tabla de caché ARP. Cuando le llega la respuesta ARP a r1, este almacena la dirección ethernet de r3 junto a su dirección IP en su tabla de caché ARP. Ahora que conoce su dirección ethernet, le puede enviar el datagrama IP encapsulado en la trama ethernet. ","Me ha ayudado más que las diapositivas en clase porque verlo animado es más fácil y capta más tu atención que verlo en las diapositivas a pesar de que en las diapositivas está muy bien detallado. 

Lo que más me ha ayudado es el dinamismo de la animación pero me ha distraído el entorno y como aparecían los datos como la tabla de encaminamiento o la tabla de ARP caché. Además, parar la animación ha costado dado que el botón de reproducir no cambia si lo clickeas y es dficil determinar si la animación se ha parado o no correctamente. 

También me ha ocurrido que queriendo pararlo, le he dado a restart sin querer.  ",
2022/10/25 12:43:55 p. m. EET,BIO,7,5.38,6.00,3,2,4,4,2,4,2,GafasVR,B,Fallo,C,Fallo,B,Fallo,C,Fallo,D,Acierto,C,Acierto,B,Fallo,B,,D,Fallo,D,Acierto,B,Acierto,B,Acierto,D,Acierto,B,Acierto,r1 recibe el ICMP Echo Request y se guarda las direcciones de pc1 en r1 routing table y manda una solicitud de ARP. Lo envia por su interfaz eth1. Le vuelve el ICMP Echo Replay y se guarda las direcciones de pc4 en su routing table. A continuación se recibe la respuesta a la solicitud de ARP.,"Sí, la animación en 3D ayuda a responder mejor a las preguntas ya que al verlo en movimiento y no en diapositivas paradas entiendes mejor como funciona. Lo único que le faltaría a la animación es algo de voz explicando lo que pasa porque si ves la animación con la teoría entendida no hay mucho problema pero si no no se entendería muy bien.",
2022/10/25 12:45:45 p. m. EET,BIO,10,7.69,6.86,4,4,4,4,3,3,2,Animacion3D,C,Acierto,B,Acierto,D,Acierto,A,Acierto,D,Acierto,B,Fallo,D,Acierto,A,,B,Fallo,B,Fallo,B,Acierto,B,Acierto,D,Acierto,B,Acierto,"Una vez que r1 recibe la trama Ethernet dirigida a pc4, envía la trama a r3 según indica su tabla de encaminamiento pot la interfaz eth1. Para enviar ña trama a r3, r1 hace un ARP request a r3, r3 apunta en su caché la dirección Ethernet de r1 y envía un ARP reply a r1. Se envía la trama de r1 a r3.
r3 quiere enviar ahora la trama a pc4 que según su tabla de encaminamiento es su vecino. Al igual que antes, r3 hace un ARP request a pc4, que apunta la dirección ethernet de r3 y manda un ARP reply. La trama ya ha sido recibida en pc4.

Para enviar el ICMP reply, pc4 envía la trama a r2 según su tabla de encaminamiento a r2. Para ello, pide un ARP Request a r2, que apunta la dirección ethernet de pc4 y envía un ARP Reply. Pc4 envía la trama a r2.

Ahora r2 envía la trama a r1 según su tabla de encaminamiento a r1 mediante eth0. r2 manda a r1 un ARP Request, el cual apunta la dirección ethernet de r2 y envía un ARP reply. Se envía la trama de r2 a r1.

Por último, r1, que ya tiene guardada la dirección Ethernet de pc1 de cuando recibió la primera trama del principio, envía directamente la trama a pc1, sin ARP request.","Creo que el ir viendo paso a paso que ocurre exactamente en cada máquina facilita un poco el entendimiento de como funciona cada cosa, ya que permite parar la animación en un punto concreto en el que ocurre cada cosa en una máquina hasta que cada uno considere oportuno.",
2022/10/25 12:49:53 p. m. EET,BIO,9,6.92,7.43,4,4,4,4,3,3,4,GafasVR,C,Acierto,B,Acierto,D,Acierto,A,Acierto,D,Acierto,D,Fallo,C,Fallo,A,,D,Fallo,C,Fallo,B,Acierto,B,Acierto,D,Acierto,B,Acierto,"Primero recibe la solicitud ARP que proviene de pc1. Este desencapsula la trama y añade su dirección ethernet al campo destino. Forma el mensaje de respuesta ARP con la dirección Ethernet de pc1. Después recibirá el mensaje Echo ping.  Desencapsulará el mensaje (nivel de enlace, nivel de red..), y mandará la solicitud ARP según su tabla de encaminadores. Más tarde, recibirá la respuesta de ARP. Lo desencapsulará también y enviara el echo ping hasta el pc de destino.","Si, yo creo que me ha ayudado porque se puede observar el proceso unido y con mucho más dinamismo, lo que hace que lo entiendas mejor. Además, teniendo en cuenta lo interesante que es visualizarlo, yo creo que prestas más atención. 
La verdad que me han ayudado todos.",
2022/10/25 12:53:34 p. m. EET,BIO,10,7.69,6.29,3,3,4,3,3,3,3,GafasVR,C,Acierto,B,Acierto,D,Acierto,B,Fallo,D,Acierto,B,Fallo,D,Acierto,A,,A,Fallo,D,Acierto,B,Acierto,B,Acierto,D,Acierto,B,Acierto,"r1 recibe mensaje arp que contiene su dirección IP como target IP, y la IP de pc1 como sender ip. La anota en su tabla de direcciones arp.
r1 envía un mensaje arp a pc1 identificándose. 
r1 recibe el datagrama de pc1. 
r1 consulta por su interfaz eth1, ya que sabe que la dirección IP de destino que ha recibido tiene su encaminador en esa red, la direcdción ethernet del encaminador.
Reibe la respuesta y envía la trama.
","Sí, gracias a poder seguir en tiempo real, pudiendo detener el proceso para observar los datos de todos los mensajes y máquinas, posees todos los datos para resolver la mayoría de dudas que pueden surgir.",
2022/10/25 12:53:50 p. m. EET,BIO,11,8.46,6.86,4,4,2,4,5,3,2,Animacion3D,C,Acierto,B,Acierto,D,Acierto,A,Acierto,D,Acierto,B,Fallo,B,Fallo,A,,C,Acierto,D,Acierto,B,Acierto,B,Acierto,D,Acierto,B,Acierto,"El datagrama IP llega a r1 desde pc1, le resta 1 a su TTL y empieza a analizar si tiene en su tabla de enrutamiento alguna dirección que se corresponda con la de destino de dicha máquina. Se da cuenta de que tiene una subred correspondiente, por lo que manda un mensaje ARP dirigido a su vecina para conocer su dirección IP. Como lo manda directamente a 101.0.0.3, solo r3 procesa su petición, aunque también llegue a pc3 y r2 por el broadcast. 
r3 guarda en su caché ARP la dirección de r1 y le devuelve una respuesta con su dirección eth. Al recibirla, r1 se la guarda en su caché ARP y luego manda el datagrama IP hacia r3.
R3 comprueba la dirección de destino del datagrama, le resta 1 a su TTL y analiza si se encuentra en su tabla de encaminación. Comprueba que sí lo hace, con una gateway de 0.0.0.0, por lo que envía un mensaje de ARP para encontrar la dirección eth de pc4. pc4 recibe el mensaje, se guarda la dirección de r2 en su caché y luego devuelve su dirección. Gracias a esto r3 encamina el datagrama hacia pc4.
Una vez en pc4 el datagrama entero se procesa y se crea una respuesta. Pc4 mira en su tabla de encaminamiento, que dirige su mensaje hacia r2, por lo que manda un mensaje ARP para conocer su dirección eth. Cuando recibe el mensaje de vuelta se lo guarda en su caché y lo manda hacia r2.
R2 repite el proceso. Reduce en 1 el TTL, pero como ya tenía la dirección eth de r1 en su tabla de caché de ARP, manda directamente el datagrama a r1, quien ya tiene en su caché de ARP la máquina de destino, y tras reducir su TTL en 1 lo mandará directamente a pc1","Considero que es bastante menos confuso que las diapositivas, ya que es como una versión  interactiva y en tiempo real de las mismas. Además, el tener todo simplificado en formas y colores permite asociar mejor los conceptos y las cabeceras. 
Sin embargo, que las cajas de texto a veces se superpongan unas con otras puede llegar a resultar algo confuso, porque se quedan zonas de tablas escondidas detrás de los cuadrados o hay frases que se mezclan unas con otras. Además, se me hace algo difícil leer lo que pone en los PCs cuando se hacen grandes porque la letra es muy pequeña y se mira desde un ángulo de contrapicado.",
2022/10/25 12:58:18 p. m. EET,BIO,11,8.46,9.43,5,5,5,5,5,4,4,Diapositivas,C,Acierto,B,Acierto,D,Acierto,B,Fallo,C,Fallo,C,Acierto,D,Acierto,A,,C,Acierto,D,Acierto,B,Acierto,B,Acierto,D,Acierto,B,Acierto,"Antes que nada, pc1 mira su tabla de encaminamiento para saber lo tiene que mandar a r1.

1. A r1 le llega una solicitud de ARP (preguntando por la dirección Ethernet de r1, del cual sabe su dirección IP porque es la que sale en su tabla de encaminamiento) por parte de pc1 encapsulada en una trama Ethernet con dirección destino broadcast (ya que pc1 no tenía en su caché ARP dicha dirección).
2. Al tener destino broadcast, r1 acepta el ARP y ve que que la dirección IP por la que están preguntando la dirección Ethernet es la suya.
3. Primero, almacena en su caché ARP la dirección IP y Ethernet asociadas a pc1 (que venían en la solicitud ARP).
4. Después, envía un ARP de respuesta con dirección IP destino la de pc1 y con dirección Ethernet origen la suya propia (que era por la que estaba preguntando pc1).
5. pc1 ya sabe la dirección Ethernet a la que tiene que enviar su mensaje (que se la guarda en su caché de ARP), por lo que mete su cabecera IP (con dirección origen la suya y con dirección IP la de pc4) en una cabecera Ethernet (con dirección origen la suya y con dirección destino la de r1).
6. Una vez que r1 recibe esta trama, la procesa, ve que es para él, le resta 1 al TTL y mira en su tabla de encaminamiento por donde tiene que reenviarlo. Comprueba que tiene que reenviarlo por su eth1 al r3...¿pero tiene la dirección Ethernet de r3?
7. Comprueba en su caché de ARP y ve que no tiene la dirección de r3, por lo que enviará una solicitud de ARP preguntando por la dirección Ethernet de r3, encapsulada en una trama Ethernet con dirección destino broadcast y dirección origen la suya.
8. Esta solicitud de ARP le llegará a r3 (guardándose las direcciones de r1), que procesará la cabecera de Ethernet, verá que están preguntando por ella, y mandará una respuesta ARP encapsulada en una trama Ethernet con dirección origen la suya y dirección destino la de r1.
9. Cuando esto le llegue a r1, guardará las direcciones de r3 en su  caché de ARP y reenviará, ya sí, la trama IP (origen pc1 y destino pc4) encapsulada en una trama Ethernet (origen la suya y destino la de r3).
",,"Creo que ver el movimiento de las distintas solicitudes de ARP, que se vayan completando los cachés de ARP, que una máquina descarte un paquete... puede ser muy útil.
Pero sinceramente, yo creo que me ha quedado bastante claro con tan solo ver las dispositivas, las explicaciones del profesor y la resolución que he ido recibiendo de las preguntas que me surgían."
2022/10/25 12:59:34 p. m. EET,BIO,11,8.46,7.14,4,4,3,3,4,4,3,GafasVR,C,Acierto,B,Acierto,D,Acierto,A,Acierto,D,Acierto,B,Fallo,D,Acierto,A,,B,Fallo,D,Acierto,B,Acierto,B,Acierto,D,Acierto,B,Acierto,"Al recibir la trama Ethernet con el datagrama IP dirigido a pc4, el r1 primero mira en el caché de ARP si tiene la dirección ethernet correspondiente a la IP destino, sólo tiene guardada la dirección ethernet del pc1 (la había guardado antes al recibir el primer ARP del pc1), al ver que no tiene la dirección ethernet correspondiente a la IP destino, mira en su tabla de encaminamiento para ver hacia dónde la tiene que enviar para encaminar la trama hacia su destino. La dirección no coincide con ninguna dirección de máquina por lo que procede a mirar la dirección de red. Esta coincide con la 102.0.0.0 por lo que el gateway correspondiente (la máquina vecina a la que lo tiene que enviar) es al 101.0.0.2 pero no tiene su dirección ethernet. Por esto envía un ARP encapsulado en una trama ethernet con dirección destino broadcast. El r3 le envía una reply y el r1 se guarda en su caché de ARP la dirección ethernet del r3. Después de esto le envía al r3 el datagrama IP encapsulado en la trama ethernet siendo la dirección ethernet destino la del eth0 del r3.",He visto la animación 3D con gafas y creo que la animación 3D me ha ayudado a visualizar mejor la formación de los mensajes al ponerse poco a poco un protocolo encima de otro y enseñar cómo se van guardando los datagramas a un lado mientras procesa las cabeceras que va a enviar. Sobre todo me ha ayudado el poder rebobinar la formación en cuanto me empezase a confundir o me surgiese alguna duda ya que puedes ir paso a paso viendo el proceso y repitiendo las partes más complejas (al ser mucha información está bien poder repetir cada paso para asegurarse de qué dato estamos mirando en cada parte). Creo que sin la animación 3D podría haberme confundido más.,
2022/10/25 12:59:39 p. m. EET,BIO,9,6.92,8.57,3,5,3,5,5,5,4,Diapositivas,C,Acierto,B,Acierto,D,Acierto,A,Acierto,C,Fallo,C,Acierto,D,Acierto,A,,B,Fallo,B,Fallo,B,Acierto,A,Fallo,D,Acierto,B,Acierto,"Primero r1 recibe un mensaje ARP proveniente de pc1, que como viene de broadcast lo tiene que procesar, le quita la cabecera ethernet y mira los campos arp. Al ver que preguntan por ella, elabora un mensaje de ARP respuesta que va dirigido sólo para pc1. Tambié aprende que pc1 tiene esa dirección ip y ethernet en su cache ARP. Ahora, el datagrama original (que va para pc4) es recibido pr r1 (que le resta 1 a su valor TTL) y mira en su tabla de encaminamiento  lo tiene que mandar a 101.0.0.3 y como no conoce la direccion etherney elabora un mensaje arp broadcast. Cuando es recibido y elaborado el mensaje ARP respuesta por parte de r3, r1 aprende en su cache ARP la direccion ip y ethernt de r3. Lo manda ahora (el datagrama original) por su interfaz eth1 dirigido solamente a r3.
Cuando el mensaje ahora viene por prte de pc4, a r1 le llega una solicitud ARP por parte de r2 preguntando por su dirección ehernet. R1 aprende la dirección de r2 y le manda su ARP respuesta. Cuando le llega el datagrama original a r1, le resta 1 a su valor TTL y mira su tabla de encaminamiento. Como ve que getway =0000, significa que está en su misma subred y por lo tanto debe mandarlo a una máquina vecina de esa subred. Mira en su cache de ARP y como ha aprendido desde el principio, sabe donde está esa dirección IP, y la tiene asociada a la dirección ethernet de pc1, así que lo manda directamente con la cabecera de ethernet destinada a pc1.",,"Sí, aprendiendolo por las transparencias es útil pero lo sería mucho más verlo. Hay veces que es más sencillo recordar algo o aprenderlo de manera visual que sólo teórica. Además, como se mandan muchos mensajes, tanto solicitudes ARP, como el propio datagrama original, pasan muchas veces los mensajes por cada máquina y puede resultar muy lioso y compliado responder a las preguntas si hago el esquema solo en papel."
2022/10/25 1:01:26 p. m. EET,BIO,11,8.46,6.29,3,4,2,2,3,4,4,Animacion3D,C,Acierto,B,Acierto,D,Acierto,A,Acierto,D,Acierto,B,Fallo,D,Acierto,A,,B,Fallo,D,Acierto,B,Acierto,B,Acierto,D,Acierto,B,Acierto,"Cuando r1 recibe la trama, primero comprueba la direccón Ethernet destino para comprobar que va dirigida a él. Una vez que sabe que es el destinatario, añade al datagrama recibido la cabecera de ICMP, la cabecera IP, quita al TTL 1 y si este no es 0 añade una cabecera Ethernet con la dirección Ethernet de origen y de destino
Cuando r1 recibe la trama, comprueba la dirección Ethernet para saber que va dirigido a él. Quita 1 al TTL y como no es 0, procesa la cabecera IP y mira en su tabla de direcciones para ver la interfaz de red por la que mandarlo y la máquina a la que enviarlo. Como no conoce la dirección Ethernet guarda el mensaje en su caché y manda un ARP request. Una vez que ha recibido la respuesta a este ARP, se añade la dirección Ethernet a su caché de ARP y esta se pone en la cabecera Ethernet del datagrama como dirección Ethernet destino. Una vez hecho esto el mensaje se manda a la máquina correspondiente.","Sí, me ha ayudado a entender el funcionamiento de ARP y en que momento se añaden las direcciones Ethernet a la caché ARP además de a comprender como se envían mensajes de una máquina a otra en general.",
2022/10/25 1:03:12 p. m. EET,BIO,9,6.92,8.57,5,5,3,4,5,4,4,GafasVR,C,Acierto,B,Acierto,D,Acierto,B,Fallo,C,Fallo,B,Fallo,D,Acierto,A,,B,Fallo,D,Acierto,B,Acierto,B,Acierto,D,Acierto,B,Acierto,"r1 recibe en eth0 la trama dirigida a pc4, procesa la cabecera Ethernet y ve que el mensaje es para ella, por tanto, continua analizando. A continuación, mira la cabecera IP y ve que la dirección destino no es ella si no que es pc4. Por lo que procederá a encaminar el mensaje . Para ello mira su tablas de encaminamiento, como hay que mandárselo a 102.0.0.40 mira si está guardada esa dirección  tal cual, como no lo está mira si está su dirección de red (102.0.0.0/24). Esta dirección está, así que r1 sabe que tiene que reenviar la trama por eth1 hacia la máquina con dirección IP 101.0.0.3 (que se corresponde con r3). Para reenviarla tiene que componer una nueva cabecera Ethernet, pero como  no conoce cual es la dirección Ethernet de r3 primero tiene que manadar un mensaje de solucitud Arp (que estará englobado dentro de una trama Ethernet con dirección de destino broadcast).
La trama ARP llega al hub y el hub se la manda a pc3, r2 y r3.
Pc3 y r2 procesrán la trama pero la descartarán ya que no conocen la dirección IP por la que se pregunta,  no es la suya.
r3 cuando reciba la trama la procesrá (ya que es para ella) y se guarda en caché la información referente a las direcciones de r1.
Después, formula una mensaje ARP reply informando de su dirección mac ( que estará dentro de una trama Ethernet que tiene como dirección  destino solo la de r1, sabe cual es porque se la  acaba de guardar en caché).
El mensaje ARP reply llega al hub y pasa a r1, pc3 y r2. Solo procesará la información r1 que es al que va dirigida.
R1 se guarda en caché la información de las direcciones de r3.
Acabará reenviando el mensaje de pc1, ahora rellenando la dirección Ethernet destino con la  de r3.","Yo creo que si me ayudado porque permite concentrarte en lo que estas viendo mejor que con las diapositivas de clase. Además, puedes parar la animación en cualquier punto y mirar de cerca algún detalle y repetirla hasta que te ha quedado claro.",
2022/10/25 1:04:30 p. m. EET,BIO,10,7.69,7.43,4,3,4,3,5,3,4,Animacion3D,C,Acierto,B,Acierto,D,Acierto,A,Acierto,C,Fallo,C,Acierto,D,Acierto,A,,B,Fallo,B,Fallo,B,Acierto,B,Acierto,D,Acierto,B,Acierto,"1) Verifica en su tabla de encaminamiento si presenta una entrada con una dirección de red que coincida con la dirección destino. En este caso coincide que el destino pertenece a la subred 102.0.0.0.
2) Como su gateway es la máquina 101.0.0.3, envía una solicitud arp encapsulada en una trama ethernet con dirección de destino broadcast (el datagrama IP permanece en r1), para obtener la dirección MAC vinculada a la IP de gateway.
5)La trama ethernet es procesada por todas las máquinas vecinas en cuanto al nivel de enlace, luego pasa al nivel de arp para verificar si la IP objetivo coincide con la suya,si es así, Añade en su caché de ARP la dirección ethernet e IP (para nuestro caso r3 obtiene las de r1). De no coincidir. descarta el datagrama.
4)Una vez procesado el mensaje, r3 genera un mensaje de reply de ARP, que tiene como direcciones ip y ethernet destino las de r1, ya aprendidas en su caché. Lo envía al hub y éste al resto de máquinas vecinas, donde sólo r1 procesará la trama ethernet, y su mensaje ARP de respuesta, obteniendo la dirección ethernet de r3, que anotará en su caché de ARP.
5) Finalmente, ya  con la información necesaria, r1 reenvía o encamina el datagrama IP a r3 con un TTL de 63 ",,"Dado que la animación es la misma tanto desde el ordenador como en las gafas de realidad virtual, siguen un mismo mecanismo que se puede apreciar en ambos medios, que es la construcción del datagrama IP y su transporte de forma dinámica. No obstante, la visualización en realidad virtual aumenta la imersión y permite un seguimiento ""más real"". La respuesta a las preguntas no hubiese variado significativamente entre medios."
2022/10/25 1:06:26 p. m. EET,BIO,10,7.69,8.29,4,4,4,4,5,4,4,Animacion3D,C,Acierto,B,Acierto,D,Acierto,A,Acierto,C,Fallo,B,Fallo,D,Acierto,,,D,Fallo,D,Acierto,B,Acierto,B,Acierto,D,Acierto,B,Acierto,"mira su tabla de encaminamiento y ve que:
no hay ninguna dirección de maquina corespondinete,
 el gateway para entregar a la red de pc4 (102.0.0.0) es r3 (101.0.0.3).
prepara la cabecera Eth pero le falta la direccíon MAC de r3.
entonces envía a tráves de eth1 una solicitud ARP encapsulada en una cabecera eth para broadcast.
luego recibe de r3 una respuesta arp con su dirección eth y la añade a su ARP cache.
al final, completa la cabecera eth con la dirección MAC de r3 y le envía el paquete","la animación es sintetica y permite de ver todas y solas las cosas esenciales paso a paso, viendo donde estan yendo los paquetes.
Los colores diferentes de los paquetes son muy utiles.
Sería interesante poder mirar siempre las tablas de cache de ARP de cada maquina y las de encaminamiento tmb",
2022/10/25 1:07:26 p. m. EET,BIO,8,6.15,8.29,4,3,5,4,4,5,4,Diapositivas,C,Acierto,C,Fallo,B,Fallo,A,Acierto,D,Acierto,B,Fallo,D,Acierto,A,,C,Acierto,B,Fallo,B,Acierto,B,Acierto,D,Acierto,C,Fallo,"Primero, PC1 al comprobar en su tabla de direcciones manda al destino por defecto 0.0.0.0 la trama a R1. En ese momento, R1 aprende la dirección de PC1, que es la máquina que le ha enviado la trama. Después, al comprobar en su tabla de direcciones R1 envía la trama a la dirección vecina 101.0.0.3 correspondiente a R3. En PC3, al revisar su tabla de direcciones llegará a pc4 por 0.0.0.0, que es su vecina. Desde PC4, este realizará la respuesta con su dirección y la enviará a R2 al mirar en su tabla de direcciones. Desde R2, al comprobar la tabla de direcciones, enviará la información a R1. En este momento, este aprende la dirección de la máquina de la que le llega información, en este caso R2 y envía el mensaje a PC1, pues ya ha aprendido su dirección.",,Creo que la explicación en clase ha sido también bastante válida para contestar el cuestionario aunque hay algunas cosas puntuales que repasar
10/25/2022 14:26:03,ROB,6,4.62,6.29,3,3,4,3,2,4,3,Animacion3D,C,Acierto,B,Acierto,C,Fallo,D,Fallo,C,Fallo,,Fallo,D,Acierto,A,,D,Fallo,B,Fallo,B,Acierto,A,Fallo,D,Acierto,B,Acierto,"Primero, le llega un mensaje de ARP request preguntando por ladirección de pc4, como tiene acceso a esta máquina, envía una trama ARP request a pc1 con su dirección ethernet para que el mensaje pueda ser enviado, despues, pc1 envía el mensaje directamete por r1, y este llega a r2 y r3, a quienes se pregunta si tienen acceso a pc4, de las cuales responde r3, y ya se manda el mensaje, luego, el proceso es el contrario, pero sin preguntar de nuevo a r1 si tiene acceso a pc1, ya que se habra guardado la respuesta afirmativa en su caché de arp.","Consideraría que si, pero creo que vendría mejor que la animación fuera un poco más despacio, o, que se pudiera regular la velocidad con la que se reproduce, para que cada uno de nosotros la vea a su propio ritmo.",
10/25/2022 14:26:09,ROB,5,3.85,4.86,3,2,3,2,2,2,3,GafasVR,A,Fallo,B,Acierto,D,Acierto,B,Fallo,C,Fallo,C,Acierto,B,Fallo,B,,C,Acierto,B,Fallo,A,Fallo,,Fallo,A,Fallo,B,Acierto,,si,
10/25/2022 14:28:08,ROB,8,6.15,6.57,4,4,3,4,,4,4,Animacion3D,C,Acierto,B,Acierto,D,Acierto,B,Fallo,D,Acierto,C,Acierto,D,Acierto,A,,D,Fallo,D,Acierto,,Fallo,A,Fallo,D,Acierto,A,Fallo,"En primer lugar r1 recibe la trama de pc4 que ha sido reenviada por r3 entonces este como ya conoce la direción ethernet de pc1 puesto que antes ya mandó un mensaje , simplememte tiene que reenviarle la informacion a pc1 atraves del hub para que solo este la procese ","Si , puesto que todo es mas intuitivo y visual y puedes parar la animacion cuando quieras por si tienes alguna duda.",
10/25/2022 14:28:31,ROB,7,5.38,6.57,3,3,3,3,3,4,4,GafasVR,B,Fallo,C,Fallo,D,Acierto,D,Fallo,D,Acierto,C,Acierto,B,Fallo,C,,C,Acierto,C,Fallo,A,Fallo,B,Acierto,D,Acierto,B,Acierto,"r1 manda la trama por eth1 hasta el hub donde ese paquete lo recibirá pc3, r2 y r3. Ya ahi la trama será enviada a pc4 desde r2 y r3 donde quedaran guardadas en la tabla de direcciones de r2 y r3 la direccion de pc4. En pc4 se guardará en la tabla de encaminamiento las direcciones de r2 y r3 para usar como gateaway para enviar a pc1 la trama de vuelta.","Las gafas me han ayudado mucho a entender como funciona el envío de tramas y el funcionamiento de los routers. Me han ayudado a concentrarme más ya que al verlo en realidad virtual mantuve mas atencion a todo. Si he respondido cosas mal al test es por mi bajo nivel en esta asignatura, pero las gafas me han ayudado muchisimo al menos para comprender mejor la asignatura.",
10/25/2022 14:28:45,ROB,12,9.23,7.43,4,4,4,3,4,3,4,GafasVR,C,Acierto,B,Acierto,D,Acierto,A,Acierto,C,Fallo,C,Acierto,D,Acierto,A,,C,Acierto,D,Acierto,B,Acierto,B,Acierto,D,Acierto,B,Acierto,"1. Procesa la trama Ethernet
2. Extrae la dirección IP del mensaje dirigido a pc4. IP:102.0.0.40
3. Selecciona el gateway correspondiente a esa IP en la tabla de routing. Gateway: 101.0.0.3
4. Selecciona la dirección Ethernet en la caché ARP para el gateway. Eth: 00:1c:42:00:00:03
5. Crea la cabezera Ethernet con la trama IP original para la dirección Ethernet anterior
6. Reenvía el mensaje  ","Si, porque me ha ayudado a ver con más claridad la rute que toman los mensajes.",
10/25/2022 14:28:57,ROB,11,8.46,5.71,3,3,3,2,3,2,4,GafasVR,C,Acierto,B,Acierto,D,Acierto,A,Acierto,C,Fallo,C,Acierto,D,Acierto,A,,C,Acierto,B,Fallo,B,Acierto,B,Acierto,D,Acierto,B,Acierto,"Primero r1 procesa la trama para conseguir la dirección de la máquina a la que esta dirigida la trama. Despues envia un request hacia eth1 para buscar la red que conecta con la ip que se pide, para ello envía el ARP con su direccion ethernet. Cuando recibe respuesta de r3 la procesa, resta 1 al TTL y reenvia toda la trama hacia el router correspondiente.","Si, pues al poder pausarla y volver a empezar, puedes ver más claro como se comportan los distintos elementos y que y como procesan los distintos protocolos.",
10/25/2022 14:29:02,ROB,7,5.38,2.00,1,1,1,1,1,1,1,GafasVR,A,Fallo,C,Fallo,D,Acierto,A,Acierto,D,Acierto,C,Acierto,A,Fallo,C,,A,Fallo,A,Fallo,B,Acierto,B,Acierto,A,Fallo,B,Acierto,"Prepara el Echo Request, lo envuelve con el protocolo ethernet (usando los valores traidos por el protocolo ARP), a esto lo envuelve con el protocolo IP Y lo envía por eth0","La animación necesitaría un control para poder pasar a ver el evento previo y el posterior, para no tener que volver a ver la animación entera si te ha quedado una duda en una parte que está a la mitad.",
10/25/2022 14:30:29,ROB,9,6.92,7.43,3,3,4,4,5,3,4,GafasVR,C,Acierto,B,Acierto,D,Acierto,B,Fallo,D,Acierto,B,Fallo,D,Acierto,A,,C,Acierto,C,Fallo,B,Acierto,B,Acierto,D,Acierto,A,Fallo,"Al tener el datagrama entero, empezaría con la cabecera ethernet y luego en la ip vería que no es para él el mensaje, por tanto consultaría en su tabla de routing para ver como mandar el paquete a pc4 y ve que tiene que enviarlo por la dirección ip de r3, pero al no tener la direccion ethernet de este, le preguntaría con ARP y tras la respuesta de la dirección ethernet de r3 se lo enviaría. 
La vuelta, como la realiza r2 le preguntaria su dirección ethernet y este guardaría la dirección ethernet de r2 en el cache de ARP (junto a las demás). Enviaría su direccion ethernet y le llegaría el paquete de vuelta para pc1 y este como ya tiene su dirección guardada en la cache de pc1, no necesita realizar ninguna pregunta y le enviaría el paquete a pc1","Con las gafas se ve mejor como se envia el mensaje, que se para por no tener la dirección ethernet y los cambios que se producen en algunos lugares como la cache.",
10/25/2022 14:30:45,ROB,6,4.62,6.86,4,4,3,3,3,3,4,Diapositivas,A,Fallo,B,Acierto,D,Acierto,A,Acierto,D,Acierto,C,Acierto,B,Fallo,A,,A,Fallo,C,Fallo,D,Fallo,A,Fallo,D,Acierto,A,Fallo,"Primero mira la dirección destino de Ethernet, como ve que es su direión, lo procesa y lo sube al nivel de arriba, este comprueba que en realidad el datagrama IP va dirigido a pc4. Antes de descartarlo, ""pregunta"" si es un router. Al ser un router, lo tiene que volver a enviar, pero antes de todo disminuye su TTL en uno (se queda con 63), luego mira la tabla de encaminamiento para ver si tiene ruta directa con su destino. Al ver que si la tiene, crea un nuevo paquete con la cabecera ARP, luego con la Ethernet con la dirección de destino (que será r2 o r3). Se envía, y recibe una contestación con su dirección ethernet. El router añade la dirección Ethernet al paquete anterior y lo manda. Posteriormente, este contesta con el protocolo IP, el routervuelve a procesarlo, vee que no es para él pero al ser un router lo vueve a mandar mirando antes la tabla de encaminamiento y lo manda a pc1.",,"Si, sobretodo a la hora de ordenar las cabeceras y de cómo se van creando. Además de distinguir las tablas bien y cuándo mira cada una."
10/25/2022 14:31:50,ROB,8,6.15,5.43,3,3,2,2,3,3,3,GafasVR,A,Fallo,B,Acierto,D,Acierto,B,Fallo,D,Acierto,C,Acierto,A,Fallo,B,,C,Acierto,A,Fallo,B,Acierto,B,Acierto,A,Fallo,B,Acierto,"En primer lugar, r1 envía una solicitud ARP preguntando por la dirección ethernet. Tras recibir la respuesta, r1 modifica su memoria caché. Posteriormente, r1 lo reenvía.","Personalmente, pienso que la animación 3D ayuda a que el aprendizaje sea más fluido. Eso sí, la implementación de las gafas no creo que sea de mucha utilidad.",
10/25/2022 14:32:42,ROB,7,5.38,6.00,3,3,3,2,3,3,4,Animacion3D,C,Acierto,B,Acierto,C,Fallo,A,Acierto,C,Fallo,C,Acierto,B,Fallo,A,,D,Fallo,D,Acierto,B,Acierto,A,Fallo,A,Fallo,B,Acierto,"R1, analiza el protocolo ethernet y al no saber la dirección de red de pc4, deja el datagrama IP en espera y envía una solicitud ARP por eth1 a la IP de pc4. Pc4 responde, y r1 ya conoce la dirección de red de pc4, entonces añade al datagrama ip el protocolo ethernet y lo envia por eth1.",Me ha ayudado mucho la animación para entender lo que ocurre. Lo que me ha confundido un poco es que a veces se solapaban los mensajes y las tablas de direcciones.,
10/25/2022 14:33:01,ROB,10,7.69,6.86,3,3,4,2,4,4,4,Animacion3D,C,Acierto,B,Acierto,D,Acierto,A,Acierto,C,Fallo,B,Fallo,C,Fallo,A,,C,Acierto,D,Acierto,B,Acierto,B,Acierto,D,Acierto,B,Acierto,"r1 comprueba que la dirección destino de la trama no es la suya, y después comprueba que es un router. r1 consulta su tabla de encaminamiento y ve que la red 102.0.0.0 tiene como gateway la dirección IP de r3, así que envía una solicitud ARP de broadcast solicitando la dirección ethernet de R3. Cuando recibe la respuesta de r3, la procesa y añade la dirección Ethernet de r3 a su caché ARP, reduce en 1 el campo TTL de la trama y la reenvía a r3.","Creo que la animacón me ha ayudado a responder a las preguntas. Los bloques de colores para representar los distintos protocolos han sido bastante útiles y claros. Las actualizaciones a las cachés ARP y la representaciones de las tablas de encaminamiento, aunque correctas y específicas, eran más confusas.",
10/25/2022 14:34:24,ROB,11,8.46,6.29,4,4,4,1,2,3,4,Diapositivas,C,Acierto,B,Acierto,D,Acierto,A,Acierto,D,Acierto,C,Acierto,B,Fallo,A,,D,Fallo,D,Acierto,B,Acierto,B,Acierto,D,Acierto,B,Acierto,"Primero va a mirar en su routing table cual es el gateway a pc4, cuando lo descubre, envía un mensaje broadcast para averiguar donde está 101.0.0.3(r3),que es el gateway. Cuando recibe una respuesta de r3 confirmándole su localización, guarda su dirección en el caché ARP y prepara el mensaje que enviar hacia pc4, restandole un al valor TTL.",,"Creo que sí habría podido mejorar mis respuestas, pues aunque en las diapositivas se explica todo bien, al final se te hace muy aburrido estar mirándolas y estudiándolas, preferiría verlo en un video o animación, en las que todo estando animado te aburre mucho menos y te hace prestar más atención."
10/25/2022 14:34:51,ROB,4,3.08,4.29,2,,3,2,4,2,2,Animacion3D,A,Fallo,B,Acierto,D,Acierto,D,Fallo,C,Fallo,C,Acierto,A,Fallo,A,,A,Fallo,A,Fallo,B,Acierto,A,Fallo,A,Fallo,A,Fallo,"a r1 le llega el mensaje con lainformacion ip y ethernet y arp de pc1, el comprueba que es un router, luego mira quien lo ha enviado y para quien va y lo envia. Luego cuando le llegua para enviarlo de nuevo repite el mismo proceso","La he visto en el ordenador, y a mi parecer entiendo mas la explicacion ya que es mas animada y puedes controlar el tiempo y la rapidez con la que aprendes",
10/25/2022 14:35:47,ROB,10,7.69,7.14,4,4,3,3,3,4,4,Animacion3D,C,Acierto,B,Acierto,D,Acierto,A,Acierto,D,Acierto,C,Acierto,D,Acierto,A,,D,Fallo,B,Fallo,B,Acierto,B,Acierto,A,Fallo,B,Acierto,"Primero lo que sucede es que procesa la cabecera Ethernet pero cuando va a procesar la IP se da cuenta que no es su IP y busca en la routing table y ahi con el gateway envia un mensaje de solicitud ARP con direccion destino broadcast porque no tiene esa direccion en el cache. Luego cuando recibe la respuesta de ARP, agrega esa informacion a su cache de ARP y recien ahi puede enviar la trama a r3.",Yo vi la animación 3D en el ordenador. Un aspecto que ayuda es ver el flujo de las tramas y como se envia a cada maquina. Me resulta confuso que la animación va muy rapido y no tiene señalado (recuadrado) las IP o routing table como tienen las diapositivas que eso ayuda a enfocarse. Siendo las IP y direcciones Ethernet parecidas a veces te mezcla. ,
10/25/2022 14:35:52,ROB,8,6.15,6.57,3,3,3,3,4,3,4,Animacion3D,C,Acierto,B,Acierto,D,Acierto,A,Acierto,D,Acierto,D,Fallo,D,Acierto,A,,A,Fallo,A,Fallo,B,Acierto,A,Fallo,D,Acierto,A,Fallo,"cuando r1 recibe el mensaje mira su tabla de routing y mira porque ruta debería ir en este caso sería por r3. Tras esto envia una solicitud de ARP para ver donde se encuentra r3 con destino broadcast. Esta solicitud la reciben y la procesan todas las maquinas conectadas a r1 por eth1, un vez procesada r3 que es el destinatario responderá y las demas máquinas descartaran la solicitud. La respuesta la rcibe r1 que ya sabe la dirección ethernet de r3 y la pondrá como destino. El paquete llegará a r3 y este mirará su tabla de routing de nuevo y volverá a enviar una solicitud de ARP, r2 la descartará y pc4 la cogerá y responderá. Con la respuesta de ARP de pc4 r3 pondrá como dirección de destino ethernet la dirección de pc4 y finalmente el paquete llegará a pc4. Tras esto este responderá a pc1","Sí, la animación muestra detalladamente los paquetes, las cabeceras, que hacen, como se mueven. Todo esto paso a paso. Visualizar como se ejecutan los comandos que ejecutamos en la terminal ayuda a visualizar y entender de mejor forma lo que ocurre en la red y como interactuan las maquinas entre ellas.",
10/25/2022 14:36:10,ROB,12,9.23,8.86,4,4,4,5,5,4,5,Animacion3D,C,Acierto,B,Acierto,D,Acierto,A,Acierto,D,Acierto,C,Acierto,D,Acierto,B,,D,Fallo,D,Acierto,B,Acierto,B,Acierto,D,Acierto,B,Acierto,"Primero procesa la cabezera ethernet, como la dirección ethernet es correcta, procesa la cabecera IP y al comprobar los gateways deduce que tiene que enviar el datagrama a 101.0.0.3 (pc). procede a componer una nueva cabecera ethernet, pero como en su caché ARP no tiene la direción ethernet de pc3, envía en broadcast una solicitud de ARP. Después recibe la respuesta ARP de r3 y guarda su dirección ethernet en el caché. Teniendo la dirección ethernet asociada a 101.0.0.3, envía el datagrama IP a esta dirección.","No estoy seguro, se pueden ver los procesos con una representación más visual, pero para poder ver los datos el que no exista la opción de volver a atrás y que a veces los carteles, objetos y líneas se superpongan, complican esta tarea.",
10/25/2022 14:37:08,ROB,10,7.69,8.00,4,4,4,3,4,4,5,Diapositivas,C,Acierto,B,Acierto,D,Acierto,C,Fallo,D,Acierto,C,Acierto,C,Fallo,D,,C,Acierto,D,Acierto,A,Fallo,B,Acierto,D,Acierto,B,Acierto,"r1 recibe desde pc1 la IP con destino pc4. Guarda su direción ethernet y después de eso, debido a su tabla de encaminamiento, sabe que debe enviar la trama a una máquina con IP: 101.0.0.3 ",,Probablemente hubiese podido responder de forma más rápida al haberlo visualizado de otra forma y no tener que imaginarlo
10/25/2022 14:38:19,ROB,11,8.46,5.43,3,3,3,3,3,1,3,Animacion3D,C,Acierto,B,Acierto,D,Acierto,A,Acierto,C,Fallo,C,Acierto,D,Acierto,A,,A,Fallo,D,Acierto,B,Acierto,B,Acierto,D,Acierto,B,Acierto,"Comprueba con cual de sus rutas tiene más correspondecia la dirección IP del datagrama que le llega. Una vez comprueba eso decide la ruta por la que enviará el datagrama, que en este caso sería por su interfaz eth1 directamente a r3.",Pues me ha ayudado a ver mejor paso a paso quién procesa que y a donde van los paquete. Si se pudiera apoyar mediante la explicación del profesor creo que sería la herramienta definitiva para entender que es lo que va pasando en cada interacción.,
10/25/2022 14:38:22,ROB,13,10.00,8.29,4,4,3,5,5,4,4,Animacion3D,C,Acierto,B,Acierto,D,Acierto,A,Acierto,D,Acierto,C,Acierto,D,Acierto,A,,C,Acierto,D,Acierto,B,Acierto,B,Acierto,D,Acierto,B,Acierto,"r1 se pregunta si es un router, luego comprueba el CRC y posteriormente comprueba a tabla de routing donde ve que para las direcciones 102.0.0.0 es por eth1 y gateway eth0 de r3, como no sabe la dirección ethernet de la IP 101.0.0.3(eth0 de r3) aparca el datagrama y genera un ARP preguntando por la dirección Ethernet de la dir. IP de 101.0.0.3 que manda en broadcast por la interfaz eht1 de r1.
Todos las máquinas de esa interfaz reciben y inspeccionan el ARP ya que en la trama Ethernet la dir. destino es broadcast y cuando abren la cabercera ARP ven que se pregunta por la dirección de r3, por lo tanto r3 guarda en su cache la dir. Ethernet de r1 y responde con su dir.Ethernet.
Cuando r1 recibe la respuesta del protocolo ARP, manda el mensaje a r3.",Si,
10/25/2022 14:39:09,ROB,9,6.92,8.57,4,4,4,4,5,5,4,Diapositivas,C,Acierto,B,Acierto,C,Fallo,A,Acierto,C,Fallo,C,Acierto,D,Acierto,D,,C,Acierto,B,Fallo,B,Acierto,A,Fallo,D,Acierto,B,Acierto,"r1 envía por eth1 un datagrama compuesto por una cabecera arp y ethernet. Arp con el destino ip de r3, pero, como desconoce la dirección ethernet, la cabecera ethernet tiene dirección broadcast. Recibe la respuesta de r3, guardando su dirección ethernet en su tabla de enroutamiento, entonces toma esta dirección para incluirla en la cabecera ethernet que incluye r1 en la trama que le ha enviado pc1 y lo envía.",,"Creo que sí, ya que he dudado y creo que podría haberme quedado más claro al ver la animación."
10/25/2022 14:41:17,ROB,8,6.15,7.43,4,4,4,4,3,3,4,GafasVR,C,Acierto,B,Acierto,D,Acierto,C,Fallo,D,Acierto,D,Fallo,A,Fallo,A,,C,Acierto,C,Fallo,B,Acierto,A,Fallo,D,Acierto,B,Acierto,"R1 procesaría la cabecera ethernet vería que la dirección ethernet coincide con la suya, pasaría a procesar la cabecera IP en la que encontraria la dirección de pc4, al tener la direccion de destino coincidente con la subred de pc4  enviara una trama ICMP para conocer la dirección IP a la que debe dirigir la trama, una vez conocida la dirección IP que le lleve a conectar con PC Preguntaria por la dirección hardware a la que debe mandar dicho mensaje con una trama ARP consiguiendo la dirección de r3 y finalmente elaboraría la cabecera ethernet para el paquete original con la direccion del router 3 y reenviaría el paquete a dicho router.",considero que al tratarse de un metodo interactivo tiendes a prestar mas atención a los paquetes y a comprender todas los paquetes que tienen que mandar las diferentes maquinas para aprender los diferentes tipos de direcciones de el resto de maquinas.,
10/25/2022 14:43:01,ROB,6,4.62,4.86,2,3,2,2,3,3,2,Diapositivas,A,Fallo,B,Acierto,D,Acierto,C,Fallo,,Fallo,C,Acierto,A,Fallo,A,,D,Fallo,D,Acierto,B,Acierto,D,Fallo,,Fallo,B,Acierto,"Cuando recibe la dirección IP destino de los paquetes que quiere mandar pc1, busca en su tabla de encaminamiento IP si tiene alguna ruta posible para llegar hasta ahí. Cuando las valora, manda las cabeceras ARP y Ethernet al router por el que tiene que pasar la trama, esperando a que este le responda. Una vez le ha respondido, guarda su dirección Ethernet en el caché ARP y le reenvía la trama Ethernet con el datagrama IP de pc1.",,"En el caso de haber visto la animación 3D, segurtamente podría haber respondido mejor a las preguntas, ya que aprender de forma interactiva (como puede ser moverse por el escenario, en el caso de la animación 3D) es siempre más llamativo y atractivo, lo que hace que se preste más atención a lo que se está viendo y genere más curiosidad. Además, es más complicado saltarse algún paso de la explicación, ya que el ritmo lo marcas tú y lo puedes repetir tantas veces como quieras, mientras que con las diapositivas el ritmo lo marca el profesor y volver hacia atrás en la presentación para consultar algún aspecto significa perder el hilo de la explicación."
10/25/2022 14:43:40,ROB,10,7.69,9.14,5,5,4,5,4,4,5,Diapositivas,C,Acierto,B,Acierto,D,Acierto,B,Fallo,D,Acierto,C,Acierto,B,Fallo,D,,B,Fallo,D,Acierto,B,Acierto,B,Acierto,D,Acierto,B,Acierto,"Asumiendo que en este punto pc1 ya tiene en su caché ARP a r1 (El primer paso sería: Recibe la solicitud de ARP de pc1. Responde a esta solicitud.)
1. Recibe el datagrama IP. Comprueba que no es el destinatario final y al confirmar que es un router, decide reenviarlo. También guarda a pc1 en su caché ARP.
2. Consulta la tabla de enrutamiento y encuentra una coincidencia en eth1, y se extrae que debe reenviar esa trama por el gateway (r3)
3. r1 no tiene en su caché ARP a r3, por lo que inicia la solicitud ARP y espera su respuesta.
4. Cuando ya tiene la dirección ethernet de r3, completa el datagrama IP anterior (Antes, le resta 1 al TTL) con la cabecera ethernet correspondiente y envía la trama por eth1.´
5. Recibe una solicitud ARP de r2 por eth1, y la responde. Guarda en su caché ARP a r2.
6. Recibe un datagrama con destino a pc1. Encuentra una coincidencia en su tabla de enrutamiento en eth0 y se extrae que el destino es adyacente ya que el gateway para esa red es 0.0.0.0.
7. Comprueba que en su caché ARP ya está pc1. (Se obtuvo en el paso 1)
8. Le resta uno al TTL del datagrama IP recibido, completa la cabecera ethernet y envía la trama por eth0.",,"Sí, porque podría haber analizado la caché ARP de algunas máquinas que en principio no están involucradas en el ping. También habría podido ver en qué momentos se usa la dirección de broadcast más rápidamente. Respecto a estos dos temas he tenido dudas."
10/25/2022 14:43:56,ROB,12,9.23,6.29,3,3,3,3,4,3,3,GafasVR,C,Acierto,B,Acierto,D,Acierto,A,Acierto,D,Acierto,C,Acierto,D,Acierto,A,,C,Acierto,B,Fallo,B,Acierto,B,Acierto,D,Acierto,B,Acierto,"Primero tras r1 recibir la trama la proccesa, es decir, ve que va dirijida a la Ethernet de su puerto eth1 , despues pasa a ver si la IP coincide . Como ve que no incide la Ip se pregunta si es un ruter , al obtener respuesta de que si entonces empieza a buscar en su tabla de ruting la direccion IP o una parecida. Al ver que no tiene la exacta se va a por la parecida que en este caso le deja con que le tiene que enviar la informacion a la direccion de IP de r3 , pero r1 tras intentar ensamblar todo ve que no tiene la direcion de Ethernet de r3 asi que sube este mensaje y lo deja guardado. Posteriormente envia con broadcast un mensaje de ARP para pedirla . Tras recibirla ensambla en mensaje con dicha direción y se la envia a r3.",Se puede ver las cosas mas directamente y se puede pausar por lo que creo que me ha ayudado a visualizar mas las cosas. Pero no creo que hubiese sido tan eficaz sin la explicación previa por el profesor.,
10/25/2022 14:43:56,ROB,11,8.46,8.00,4,4,4,4,4,4,4,Diapositivas,C,Acierto,B,Acierto,D,Acierto,A,Acierto,D,Acierto,C,Acierto,B,Fallo,A,,C,Acierto,B,Fallo,B,Acierto,B,Acierto,D,Acierto,B,Acierto,"Cuando r1 recibe el datagrama IP del pc1, ya va a tener almacenada en su caché de ARP la dirección Ethernet del pc1.

Al procesar el datagrama IP ve que la dirección de destino no es la suya, por lo que pasa a revisar su tabla de routing y ve que el pc4 no es adyacente a el. Debido a esto, r1 genera un protocolo ARP con destino, en su protocolo Ethernet, al getaway que le marca su tabla de routing para el destino 102.0.0.0. 

Con este protocolo ARP hace un request de la dirección IP perteneciente al r3. El r3 almacena la dirección IP del r1 en su caché de ARP y genera un ARP de respuesta, con dirección Etehrnet del pc1, que recibirá el r1. 

Este almacenará la dirección IP del r3 en su caché de ARP y procederá a enviar el datagrama IP al r3 para que este se encargue de pasárlo a la siguiente máquina.",,"Desde mi punto de vista creo con la animación 3D se puede entender mejor gracias a que puedes hacer una visualización espacial en tiempo real de lo que pasa. Aún asi, considero que la diferencia no sería tan grande."
10/25/2022 14:44:09,ROB,13,10.00,8.86,4,4,5,5,5,4,4,Diapositivas,C,Acierto,B,Acierto,D,Acierto,A,Acierto,D,Acierto,C,Acierto,D,Acierto,A,,C,Acierto,D,Acierto,B,Acierto,B,Acierto,D,Acierto,B,Acierto,"Una vez que r1 recibe la trama ICMP, primero procesará la dirección Ethernet de Destino.
Esta dirección habra sido enviada desde pc1 como ""00:1c:42:00:00:01"", es decir, la dirección eth0 de r1. 

Como la dirección de ethernet pertenece a r1, entonces ahora pasará a revisar la dirección de destino del datagrama IP. Aquí aparecerá la dirección ""102.0.0.40"" que no coincide con la dirección ip de r1.

Ahora r1 comprobara en su configuración si es un router,

Si r1 es un router (que lo es) entonces procederá a mirar su tabla de enrutamiento para hallar el puerto de salida correspondiente. Para ello primero comparará la dirección de destino IP con cada una de las opciones disponibles utilizando un AND comparacional.

El resultado de este proceso indicará el gateway ""101.0.0.3"" alojado en el puerto eth1 que apunta a r3.

Con el puerto seleccionado, r1 preparará un paquete IP con dirección ""102.0.0.40"" que contendrá el datagrama original.

Este paquete se encapsulará en el protocolo Ethernet. Aquí para asignar la dirección de destino, r1 mirará su cache ARP.

La caché ARP NO contiene la dirección ethernet de r3 por lo que r1 dejara en segundo plano el paquete que esta preparando.

Ahora r1 empezará a preparar un paquete ARP para preguntar en la red por la dirección ethernet de aquella maquina con dirección ip ""101.0.0.3"".

Una vez preparado el protocolo ARP, este se encapsulará en una trama Ethernet con destino a dirección de broadcast. Tras esto, la petición se enviará.

Instantes despues, r1 recibirá una trama respuesta de r3, por lo que comprobará que la dirección ethernet coincide con la suya en eth1 (""101.0.0.1"")

Si esta dirección coincide, revisará la respuesta ARP y guardará la dirección Ethernet de r3 en la ARP caché.

Ahora volverá al paquete en segundo plano y establecerá la dirección ethernet de destino mirando la cache ARP y asignado la correspondiente a r3.

Con el paquete ya preparado, enviará finalmente el datagrama ICMP.",,
10/25/2022 14:44:49,ROB,10,7.69,6.57,3,3,2,3,4,4,4,GafasVR,C,Acierto,B,Acierto,D,Acierto,B,Fallo,D,Acierto,C,Acierto,B,Fallo,A,,D,Fallo,D,Acierto,B,Acierto,B,Acierto,D,Acierto,B,Acierto,"pc1 mandara una trama, r1 mirara su tabla de routing y encajara con la tercera ruta y lo mandara por el gateway que es 101.0.0.3 que es la direccion IP del router 3(eth0), es verdad que r2 y pc3 tambien lo recibirán pero no lo procesaran dado que llevara como direccion la direccion de r3; r3 mirara su tabla de routing y encajara con la segunda ruto por lo que lo mandara por eth1 y lo recibirá pc4.pc4 ahora contestara por lo tanto mirará su tabla de routting que encajará con la ruta 2 por lo tanto lo mandara con la direccion destino de su gateway que es 102.0.0.2 que es la direccion IP de r2(eth1), r3 lo recibira pero no lo procesará; r2 mirara su tabla de routing y elegira como ruta la tercera asique se lo andara con direccion 101.0.0.1 que es ka direccion de r1 y r1 se lo enviará a pc1.","si que es mucho mas grafico y mucho mas animado, te obliga a atender y a prestar atencion.",
